1,Warszawa,52.229676,21.012229
2,Poznań,52.406374,16.925168
3,Wrocław,51.107885,17.038538
4,Kraków,50.06465,19.94498
5,Sopot,54.441926,18.547596
6,Lublin,51.246454,22.568446
7,Słupsk,54.468927,17.028602
8,Szczecin,53.428544,14.552812
9,Toruń,53.01379,18.598444
10,Gorzów Wielkopolski,52.732529,15.236931
11,Zielona Góra,51.935621,15.506186
12,Łódź,51.759249,19.455983
13,Opole,50.675107,17.921298
14,Rzeszów,50.040947,21.999281
15,Białystok,53.132489,23.16884
16,Bydgoszcz,53.12348,18.008438
17,Katowice,50.264892,19.023782
18,Kielce,50.866077,20.628568
19,Olsztyn,53.778422,20.480119
20,Włocławek,52.654735,19.065159
21,Konin,52.223217,18.25104
22,Jastrzębie Zdrój,49.951169,18.597014
23,Rumia,54.57826,18.3975
31,Bielsko-Biała,49.8225,19.044444
41,Gdańsk,54.377888,18.622736
51,Gdynia,54.522434,18.527543
61,Gliwice,50.297361,18.674088
71,Częstochowa,50.810134,19.114703
81,Płock,52.54682,19.70638
91,Radom,51.40253,21.14714
101,Koszalin,54.19438,16.17222
111,Chorzów,50.288442,18.963074
121,Bytom,50.344451,18.915187
131,Dąbrowa Górnicza,50.323056,19.19378
141,Elbląg,54.155596,19.404463
151,Kalisz,51.75664,18.080488
161,Legnica,51.204584,16.155867
171,Ruda Śląska,50.268155,18.862689
181,Rybnik,50.09982,18.543431
191,Sosnowiec,50.279627,19.173933
201,Tarnów,50.009488,20.984803
211,Tychy,50.119111,19.020346
231,Zabrze,50.322065,18.784634
241,Inowrocław,52.788954,18.260558
251,Piotrków Trybunalski,51.411555,19.68949
252,Abramów,51.456767,22.315089
262,Adamów,51.743064,22.264054
272,Adamówka,50.257126,22.695989
282,Aleksandrów,50.464444,22.906111
292,Aleksandrów Kujawski,52.876576,18.69345
302,Aleksandrów Łódzki,51.819424,19.30382
312,Alwernia,50.059806,19.539478
322,Andrespol,51.725483,19.638656
332,Andrychów,49.854893,19.341284
342,Andrzejewo,52.38934,17.976546
352,Annopol,50.88538,21.856916
362,Augustów,53.843443,22.979602
372,Babiak,52.344662,18.665939
382,Babice,50.07,19.448611
392,Babimost,52.16469,15.8275
402,Baborów,50.15759,17.985246
412,Baboszewo,52.680625,20.254989
422,Baćkowice,50.791726,21.232204
432,Bądkowo,52.704794,18.787309
442,Bakałarzewo,54.093527,22.651928
452,Baligród,49.335757,22.286865
462,Bałtów,51.018168,21.544157
472,Banie,53.100397,14.662704
482,Banie Mazurskie,54.248555,22.036184
492,Baranów,51.557588,22.135069
502,Baranowo,53.175543,21.296838
512,Baranów Sandomierski,50.498985,21.54174
522,Barciany,54.219785,21.353054
532,Barcin,52.866106,17.946262
542,Barczewo,53.82999,20.69058
552,Bardo,50.50505,16.74043
562,Bargłów Kościelny,53.773059,22.822389
572,Barlinek,52.99444,15.21918
582,Bartniczka,53.248667,19.603858
592,Bartoszyce,54.2533,20.80806
602,Baruchowo,52.489915,19.240193
612,Barwice,53.744078,16.355254
622,Batorz,50.849875,22.493032
632,Będków,51.58797,19.749624
642,Bedlno,52.208285,19.575944
652,Będzin,50.3256,19.125412
662,Będzino,54.209629,15.990552
672,Bejsce,50.238792,20.598352
682,Bełchatów,51.368754,19.356425
692,Belsk Duży,51.825395,20.809213
702,Bełżec,50.384945,23.438111
712,Bełżyce,51.17404,22.28024
722,Besko,49.587893,21.951335
732,Bestwina,49.896389,19.059444
742,Biała,50.386257,17.660428
752,Białaczów,51.2982,20.296953
762,Biała Piska,53.6115,22.06311
772,Biała Podlaska,52.038713,23.144503
782,Biała Rawska,51.80772,20.47248
792,Białe Błota,53.095535,17.911824
802,Białobrzegi,51.646499,20.956547
812,Białogard,54.002901,15.992138
822,Białopole,50.986004,23.731229
832,Białośliwie,53.104271,17.125301
842,Białowieża,52.700713,23.867672
852,Biały Bór,53.89641,16.835216
862,Biały Dunajec,49.366523,20.002045
872,Biecz,49.73554,21.26331
882,Bielany,52.293323,20.928664
892,Bielawa,50.690799,16.622929
902,Bielawy,52.075984,19.655585
912,Bielice,50.27565,17.006023
922,Bieliny,50.848107,20.958415
932,Bielsk,52.671587,19.804651
942,Bielsk Podlaski,52.765058,23.186752
952,Bierawa,50.28018,18.241453
962,Bieruń,50.08999,19.09291
972,Bierutów,51.12444,17.54603
982,Bierzwnik,53.035208,15.665319
992,Biesiekierz,54.132577,16.03872
1002,Bieżuń,52.960636,19.88924
1012,Biłgoraj,50.54099,22.72198
1022,Bircza,49.692317,22.485885
1032,Biskupice,49.963657,20.121637
1042,Biskupiec,53.862696,20.954707
1052,Biszcza,50.415001,22.63895
1062,Bisztynek,54.085837,20.903856
1072,Blachownia,50.78505,18.96224
1082,Błaszki,51.651566,18.434436
1092,Błażowa,49.885649,22.102754
1102,Błędów,51.777485,20.697175
1112,Bledzew,52.517288,15.414068
1122,Blizanów,51.903528,18.009958
1132,Bliżyn,51.108889,20.756667
1142,Błonie,52.198547,20.616957
1152,Bobolice,53.95494,16.58767
1162,Bobowa,49.71028,20.950966
1172,Bobowo,53.884451,18.556688
1182,Bobrowice,51.948339,15.091072
1192,Bobrowniki,52.779573,18.959199
1202,Bobrowo,53.523893,16.065598
1212,Bochnia,49.968458,20.430329
1222,Boćki,52.651539,23.044671
1232,Bodzanów,49.986983,20.148897
1242,Bodzechów,50.910556,21.440833
1252,Bodzentyn,50.940925,20.957125
1262,Bogatynia,50.90725,14.95615
1272,Bogdaniec,52.688909,15.070667
1282,Bogoria,50.651496,21.260277
1292,Boguchwała,49.984699,21.945084
1302,Boguszów-Gorce,50.755949,16.204296
1312,Boguty-Pianki,52.716624,22.415777
1322,Bojadła,51.952914,15.809248
1332,Bojanów,50.030938,18.16111
1342,Bojanowo,51.707469,16.748295
1352,Bojszowy,50.057422,19.101273
1362,Bolesław,50.297219,19.480575
1372,Bolesławiec,51.265855,15.56574
1382,Boleszkowice,52.724972,14.568995
1392,Bolimów,52.076397,20.163596
1402,Bolków,50.9245,16.10378
1412,Boniewo,52.465724,18.884747
1422,Borek Wielkopolski,51.91673,17.24096
1432,Borki,54.085676,22.199258
1442,Borkowice,51.320105,20.68325
1452,Borne Sulinowo,53.57639,16.53406
1462,Boronów,50.67424,18.90676
1472,Borów,50.796017,21.909717
1482,Borowa,54.320074,18.292658
1492,Borowie,54.320074,18.292658
1502,Borzechów,51.092667,22.284178
1512,Borzęcin,50.06511,20.711666
1522,Borzytuchom,54.20038,17.368382
1532,Bralin,51.283333,17.9
1542,Branice,49.402469,14.33954
1552,Braniewo,54.379713,19.820054
1562,Brańsk,52.743364,22.841304
1572,Brańszczyk,52.628335,21.586468
1582,Brąszewice,51.499028,18.449608
1592,Brenna,49.726219,18.905733
1602,Brochów,52.319732,20.262314
1612,Brodnica,53.25997,19.395662
1622,Brody,50.083141,25.15
1632,Brójce,52.316753,15.674203
1642,Brojce,52.316753,15.674203
1652,Brok,52.697395,21.847055
1662,Brudzeń Duży,52.668338,19.504123
1672,Brudzew,52.099072,18.604581
1682,Brusy,53.88655,17.71915
1692,Brwinów,52.142598,20.717505
1702,Brzeg,50.860851,17.466831
1712,Brzeg Dolny,51.272827,16.708557
1722,Brześć Kujawski,52.60628,18.90129
1732,Brzesko,49.964719,20.603447
1742,Brzeszcze,49.9815,19.15303
1752,Brzeziny,51.800255,19.751679
1762,Brzeźnica,50.102476,21.485393
1772,Brzeźnio,51.482145,18.625597
1782,Brzeżno,52.194264,18.303518
1792,Brzostek,49.879449,21.411139
1802,Brzozie,53.325629,19.604619
1812,Brzozów,49.69427,22.01936
1822,Brzuze,53.053525,19.261407
1832,Brzyska,49.819448,21.394361
1842,Buczek,51.50174,19.164117
1852,Buczkowice,49.728583,19.069208
1862,Budry,54.252721,21.881521
1872,Budziszewice,51.667293,19.93565
1882,Budzów,49.775908,19.672595
1892,Budzyń,52.890529,16.988487
1902,Buk,47.383876,16.761629
1912,Bukowiec,50.826186,15.821003
1922,Bukowina Tatrzańska,49.342291,20.107514
1932,Bukowno,50.26508,19.44484
1942,Bukowsko,49.479885,22.061603
1952,Bulkowo,52.540394,20.126918
1962,Burzenin,51.460263,18.832244
1972,Busko-Zdrój,50.470362,20.719176
1982,Bychawa,51.013485,22.530116
1992,Byczyna,51.11327,18.21114
2002,Bystra-Sidzina,49.590491,19.710237
2012,Bystrzyca Kłodzka,50.299091,16.641794
2022,Bytnica,52.150874,15.169075
2032,Bytom Odrzański,51.731182,15.822224
2042,Bytoń,52.557447,18.596103
2052,Bytów,54.170622,17.491609
2062,Cedry Wielkie,54.24785,18.846719
2072,Cedynia,52.87925,14.20222
2082,Cegłów,52.146986,21.737908
2092,Cekcyn,53.57338,18.010178
2102,Ceków-Kolonia,51.891507,18.283796
2112,Celestynów,52.059125,21.386692
2122,Ceranów,52.63082,22.228717
2132,Cewice,54.436075,17.73521
2142,Charsznica,50.409023,19.930461
2152,Chąśno,52.187512,19.932104
2162,Chęciny,50.805449,20.478122
2172,Chełm,51.143123,23.471199
2182,Chełmek,50.10002,19.24873
2192,Chełmiec,49.630249,20.663521
2202,Chełmno,53.34842,18.42499
2212,Chełm Śląski,50.107214,19.195144
2222,Chełmża,53.184472,18.604557
2232,Chlewiska,51.24593,20.763088
2242,Chłopice,49.948621,22.67464
2252,Chmielnik,50.61415,20.75212
2262,Chmielno,54.324834,18.099215
2272,Choceń,52.487451,19.014737
2282,Chocianów,51.41724,15.90438
2292,Chociwel,53.46687,15.33337
2302,Chocz,51.975798,17.869545
2312,Choczewo,54.740635,17.891667
2322,Chodecz,52.40485,19.027499
2332,Chodel,51.111944,22.133056
2342,Chodów,52.211695,22.234585
2352,Chodzież,52.995267,16.919818
2362,Chojna,52.96401,14.42781
2372,Chojnice,53.6944,17.556925
2382,Chojnów,51.2732,15.93648
2392,Chorkówka,49.646138,21.671271
2402,Choroszcz,53.14292,22.98815
2412,Chorzele,53.260092,20.897064
2422,Choszczno,53.16928,15.41971
2432,Chotcza,51.239767,21.776304
2442,Chrostkowo,52.943599,19.253134
2452,Chrzanów,50.134564,19.400177
2462,Chrząstowice,50.665708,18.07329
2472,Chrzypsko Wielkie,52.627869,16.228856
2482,Chybie,49.894944,18.8133
2492,Chynów,51.904167,21.081925
2502,Ciasna,50.754241,18.608683
2512,Ciechanów,52.881484,20.619795
2522,Ciechanowiec,52.678262,22.498166
2532,Ciechocin,53.610891,17.705414
2542,Ciechocinek,52.879049,18.794815
2552,Cielądz,51.715283,20.344549
2562,Ciepielów,51.248715,21.575423
2572,Ciepłowody,50.674598,16.908695
2582,Cieszanów,50.244789,23.130627
2592,Cieszków,51.631,17.357601
2602,Cieszyn,49.749764,18.635471
2612,Ciężkowice,49.785621,20.973264
2622,Cisek,50.281277,18.201101
2632,Cisna,49.211234,22.32851
2642,Ćmielów,50.890056,21.514989
2652,Cmolas,50.295047,21.744646
2662,Cybinka,52.194564,14.795725
2672,Cyców,51.299247,23.14038
2682,Czajków,51.491849,18.325535
2692,Czaplinek,53.55802,16.233519
2702,Czarna,49.324111,22.668617
2712,Czarna Białostocka,53.30215,23.28784
2722,Czarna Dąbrówka,54.356213,17.564732
2732,Czarna Woda,53.84455,18.09998
2742,Czarne,53.684076,16.938397
2752,Czarnia,53.355941,21.194534
2762,Czarnków,52.90528,16.56567
2772,Czarnocin,50.34051,20.516009
2782,Czarnożyły,51.286725,18.560741
2792,Czarny Bór,50.771684,16.130063
2802,Czarny Dunajec,49.439444,19.854167
2812,Czastary,51.251722,18.317821
2822,Czchów,49.836861,20.680279
2832,Czechowice-Dziedzice,49.901606,18.991768
2842,Czeladź,50.317273,19.070442
2852,Czemierniki,51.672648,22.638545
2862,Czempiń,52.142603,16.759152
2872,Czeremcha,52.513967,23.351748
2882,Czermin,50.339021,21.333702
2892,Czernica,51.701011,21.997447
2902,Czernice Borowe,53.032343,20.718002
2912,Czernichów,49.989551,19.682103
2922,Czerniejewo,52.426227,17.489083
2932,Czerniewice,51.653964,20.155726
2942,Czernikowo,52.946883,18.937969
2952,Czersk,53.795094,17.976398
2962,Czerwieńsk,52.013033,15.423391
2972,Czerwin,52.950806,21.757978
2982,Czerwińsk nad Wisłą,52.39788,20.309478
2992,Czerwionka-Leszczyny,50.148931,18.677468
3002,Czerwonak,52.463952,16.981928
3012,Czerwonka,53.915594,20.897692
3022,Człopa,53.0885,16.12097
3032,Człuchów,53.66718,17.359013
3042,Czorsztyn,49.437407,20.327023
3052,Czosnów,52.391281,20.729705
3062,Czudec,49.945472,21.837641
3072,Czyże,52.771297,23.423065
3082,Czyżew-Osada,52.79751,22.312295
3092,Dąbie,52.087228,18.822437
3102,Dąbrowa,53.500198,20.04836
3112,Dąbrowa Białostocka,53.653655,23.347976
3122,Dąbrowa Biskupia,52.777462,18.531997
3132,Dąbrowa Chełmińska,53.175191,18.305691
3142,Dąbrowa Tarnowska,50.17462,20.98638
3152,Dąbrowa Zielona,50.843791,19.555448
3162,Dąbrowice,52.311923,19.084965
3172,Dąbrówka,52.384953,16.744318
3182,Dąbrówno,53.433333,20.033333
3192,Daleszyce,50.802256,20.80789
3202,Dalików,51.881368,19.107627
3212,Damasławek,52.839856,17.499314
3222,Damnica,54.501723,17.268532
3232,Darłowo,54.421066,16.410611
3242,Daszyna,52.154411,19.181835
3252,Dębe Wielkie,52.199199,21.442769
3262,Dębica,50.051642,21.411696
3272,Dęblin,51.56269,21.86528
3282,Dębnica Kaszubska,54.378624,17.160768
3292,Dębno,52.739,14.69799
3302,Dębowa Kłoda,51.593879,23.006444
3312,Dębowa Łąka,53.252628,19.097428
3322,Dębowiec,49.682701,21.460402
3332,Debrzno,53.538052,17.236412
3342,Deszczno,52.672928,15.309087
3352,Długołęka,51.174722,17.195278
3362,Długosiodło,52.759156,21.592371
3372,Dłutów,51.55855,19.402004
3382,Dmosin,51.924187,19.759361
3392,Dobczyce,49.881174,20.089079
3402,Dobiegniew,52.970181,15.753444
3412,Dobra,49.718042,20.251115
3422,Dobra (Szczecińska),53.485548,14.39752
3432,Dobrcz,53.266667,18.15
3442,Dobre,52.320838,21.678339
3452,Dobre Miasto,53.9867,20.39746
3462,Dobrodzień,50.72875,18.44502
3472,Dobromierz,50.911755,16.241178
3482,Dobroń,51.638516,19.245421
3492,Dobroszyce,51.265336,17.340778
3502,Dobryszyce,51.145769,19.407683
3512,Dobrzany,53.35897,15.42893
3522,Dobrzeń Wielki,50.766877,17.844385
3532,Dobrzyca,51.865,17.601944
3542,Dobrzyniewo Duże,53.199343,23.011198
3552,Dobrzyń nad Wisłą,52.637546,19.318243
3562,Dołhobyczów,50.586393,24.035164
3572,Dolice,53.190731,15.202724
3582,Dolsk,51.981783,17.062767
3592,Domanice,50.941621,16.590575
3602,Domaniewice,52.010325,19.808246
3612,Domaniów,50.895826,17.130772
3622,Domaradz,49.794201,21.948316
3632,Domaszowice,51.042445,17.888872
3642,Dominowo,52.290963,17.357492
3652,Dopiewo,52.366667,16.683333
3662,Dorohusk,51.154901,23.802976
3672,Doruchów,51.417488,18.075556
3682,Dragacz,53.505758,18.738867
3692,Drawno,53.21983,15.75932
3702,Drawsko,52.853632,16.029972
3712,Drawsko Pomorskie,53.53162,15.813825
3722,Drelów,51.91194,22.871566
3732,Drezdenko,52.83797,15.83104
3742,Drobin,52.737473,19.991701
3752,Drohiczyn,52.400325,22.658578
3762,Drużbice,51.463444,19.393895
3772,Drwinia,50.097706,20.441536
3782,Drzewica,51.450632,20.477146
3792,Drzycim,53.506059,18.310886
3802,Dubeninki,54.288743,22.559322
3812,Dubicze Cerkiewne,52.64937,23.442523
3822,Dubiecko,49.827922,22.392415
3832,Dubienka,51.048497,23.892442
3842,Dukla,49.555514,21.683231
3852,Duszniki,52.440765,16.410194
3862,Duszniki-Zdrój,50.404284,16.390441
3872,Dwikozy,50.735527,21.788797
3882,Dydnia,49.692499,22.157531
3892,Dygowo,54.130727,15.719269
3902,Dynów,49.81506,22.23388
3912,Dywity,53.835957,20.474602
3922,Dziadkowice,52.565201,22.905668
3932,Dziadowa Kłoda,51.234673,17.708131
3942,Działdowo,53.235677,20.179979
3952,Działoszyce,50.365199,20.352098
3962,Działoszyn,51.116656,18.865123
3972,Dziemiany,54.006389,17.768333
3982,Dzierzążnia,52.627778,20.233677
3992,Dzierzgoń,53.92148,19.34723
4002,Dzierzgowo,53.152328,20.663115
4012,Dzierzkowice,51.158292,16.413502
4022,Dzierżoniów,50.730861,16.656789
4032,Dzikowiec,50.570825,16.572237
4042,Dziwnów,54.02775,14.76448
4052,Dźwierzuty,53.704476,20.960193
4062,Dzwola,50.696471,22.566996
4072,Ełk,53.828053,22.364663
4082,Fabianki,52.71892,19.109509
4092,Fajsławice,51.09516,22.963217
4102,Fałków,51.134652,20.101323
4112,Filipów,54.180405,22.620774
4122,Firlej,51.559215,22.509088
4132,Frampol,50.671547,22.670652
4142,Fredropol,49.693591,22.74642
4152,Frombork,54.357478,19.680072
4162,Frysztak,49.840964,21.610406
4172,Gąbin,52.397417,19.735653
4182,Gać,50.027821,22.362717
4192,Galewice,51.344352,18.258212
4202,Garbatka-Letnisko,51.493261,21.631961
4212,Garbów,51.355095,22.329366
4222,Gardeja,53.610888,18.946599
4232,Garwolin,51.897199,21.614939
4242,Gąsawa,52.767427,17.755592
4252,Gaszowice,50.108141,18.428148
4262,Gawłuszowice,50.413205,21.382752
4272,Gaworzyce,51.627762,15.882077
4282,Gdów,49.908038,20.198487
4292,Giby,54.042246,23.356087
4302,Gidle,50.961926,19.471232
4312,Gielniów,51.400468,20.482567
4322,Gierałtowice,50.224298,18.734919
4332,Gietrzwałd,53.745336,20.23866
4342,Gilowice,49.712241,19.308557
4352,Gizałki,52.042486,17.770874
4362,Giżycko,54.036405,21.766734
4372,Glinojeck,52.81954,20.29179
4382,Głogów,51.663585,16.084667
4392,Głogówek,50.35349,17.86435
4402,Głogów Małopolski,50.1512,21.96286
4412,Głowaczów,51.622018,21.318728
4422,Główczyce,54.619433,17.368347
4432,Głowno,51.9643,19.71565
4442,Głubczyce,50.20027,17.8287
4452,Głuchołazy,50.31512,17.38347
4462,Głuchów,51.678611,33.911389
4472,Głusk,51.190239,22.5953
4482,Głuszyca,50.68728,16.37107
4492,Gniew,53.83546,18.82249
4502,Gniewino,54.716871,18.011156
4512,Gniewkowo,52.89463,18.40746
4522,Gniewoszów,50.202211,16.601033
4532,Gniezno,52.534925,17.582658
4542,Gnojnik,49.893513,20.608795
4552,Gnojno,52.273783,23.14593
4562,Goczałkowice-Zdrój,49.947078,18.972371
4572,Godkowo,54.079636,19.905553
4582,Godów,49.924546,18.477893
4592,Godzianów,51.895452,20.036401
4602,Godziesze Wielkie,51.645131,18.172036
4612,Godziszów,50.748227,22.496351
4622,Gogolin,50.49198,18.019904
4632,Gołańcz,52.943213,17.29969
4642,Gołcza,50.332908,19.926471
4652,Golczewo,53.82419,14.97827
4662,Gołdap,54.306911,22.303448
4672,Goleniów,53.56382,14.82843
4682,Goleszów,49.735069,18.736472
4692,Golina,52.242864,18.09273
4702,Golub-Dobrzyń,53.110535,19.053911
4712,Gołuchów,51.848739,17.930704
4722,Gołymin-Ośrodek,52.809468,20.870427
4732,Gomunice,51.166667,19.483333
4742,Goniądz,53.489755,22.735111
4752,Góra,51.669945,16.537653
4762,Goraj,50.721252,22.667129
4772,Góra Kalwaria,51.976466,21.215337
4782,Góra Świętej Małgorzaty,52.05586,19.319626
4792,Gorlice,49.654616,21.159632
4802,Górno,50.280784,22.148728
4812,Górowo Iławeckie,54.28534,20.49296
4822,Gorzków,49.925423,20.028565
4832,Gorzkowice,51.215048,19.59684
4842,Górzno,53.198003,19.644406
4852,Gorzów Śląski,51.027954,18.422892
4862,Górzyca,52.494398,14.655056
4872,Gorzyce,50.666919,21.840312
4882,Gościeradów,50.86,22.01
4892,Gościno,54.052276,15.6517
4902,Gostycyn,53.489167,17.81
4912,Gostyń,51.8786,17.01215
4922,Gostynin,52.429327,19.461918
4932,Goszczanów,51.791282,18.505788
4942,Goszczyn,51.730362,20.852067
4952,Gowarczów,51.27818,20.438025
4962,Goworowo,52.900836,21.556178
4972,Gózd,51.378691,21.378833
4982,Gozdnica,51.43606,15.09816
4992,Gozdowo,52.722975,19.692655
5002,Grabica,51.479877,19.530895
5012,Grabów,53.284782,11.562357
5022,Grabowiec,50.821702,23.549734
5032,Grabów nad Pilicą,51.724906,21.226254
5042,Grabów nad Prosną,51.506069,18.119361
5052,Grabowo,53.465126,22.153726
5062,Grajewo,53.647156,22.455217
5072,Granowo,52.222329,16.528766
5082,Grębków,52.269,21.910067
5092,Grębocice,51.598663,16.168316
5102,Gręboszów,50.24449,20.7758
5112,Grębów,50.56538,21.874368
5122,Gródek,53.095503,23.659515
5132,Gródek nad Dunajcem,49.746891,20.732404
5142,Grodków,50.69625,17.38516
5152,Grodziczno,53.409644,19.75446
5162,Grodziec,52.038162,18.059709
5172,Grodzisk,52.583908,22.737876
5182,Grodzisk Mazowiecki,52.104438,20.635092
5192,Grodzisko Dolne,50.157803,22.466564
5202,Grodzisk Wielkopolski,52.22553,16.36644
5212,Grójec,51.865512,20.866603
5222,Gromadka,51.361479,15.761383
5232,Gromnik,49.837958,20.96124
5242,Gronowo Elbląskie,54.086273,19.306355
5252,Grudusk,53.058704,20.624759
5262,Grudziądz,53.483749,18.753565
5272,Grunwald,48.044112,11.53214
5282,Gruta,53.455716,18.96118
5292,Grybów,49.62406,20.94789
5302,Gryfice,53.91666,15.199889
5312,Gryfino,53.25238,14.48823
5322,Gryfów Śląski,51.035035,15.412213
5332,Grzegorzew,52.201802,18.734716
5342,Grzmiąca,53.834476,16.432039
5352,Gubin,51.948982,14.728458
5362,Gzy,52.740205,20.943943
5372,Haczów,49.667598,21.890614
5382,Hajnówka,52.74514,23.58165
5392,Halinów,52.228305,21.355139
5402,Hanna,40.404114,-110.765162
5412,Hańsk,51.399992,23.404188
5422,Harasiuki,50.474724,22.472776
5432,Hażlach,49.79673,18.636902
5442,Hel,54.60838,18.8008
5452,Herby,50.752778,18.8875
5453,Hogwart,52.063837,19.483879
5462,Horodło,50.894415,24.037468
5472,Horyniec-Zdrój,50.191821,23.36348
5482,Hrubieszów,50.80518,23.89091
5492,Huszlew,52.137379,22.839936
5502,Hyżne,49.923034,22.165261
5512,Igołomia-Wawrzeńczyce,50.107008,20.299048
5522,Iława,53.595981,19.56841
5532,Iłów,52.339115,20.027523
5542,Iłowa,51.500023,15.199627
5552,Iłowo-Osada,53.167627,20.292953
5562,Iłża,51.16305,21.23991
5572,Imielin,50.145287,19.186016
5582,Imielno,52.473033,17.362028
5592,Inowłódz,51.52702,20.223546
5612,Ińsko,53.43606,15.55039
5622,Irządze,50.62656,19.685373
5632,Istebna,49.563977,18.893517
5642,Iwaniska,50.731667,21.275
5652,Iwanowice,50.225505,19.961326
5662,Iwierzyce,50.028779,21.755708
5672,Iwkowa,49.817189,20.59036
5682,Iwonicz-Zdrój,49.563124,21.789939
5692,Izabelin,52.3,20.83
5702,Izbica,50.893467,23.158916
5712,Izbica Kujawska,52.420661,18.762661
5722,Izbicko,50.57155,18.154619
5732,Jabłoń,51.724875,23.08765
5742,Jabłonka,49.479301,19.693803
5752,Jabłonna,52.37807,20.917022
5762,Jabłonna Lacka,52.476563,22.442288
5772,Jabłonowo Pomorskie,53.39009,19.1548
5782,Jadów,52.47829,21.631951
5792,Jaktorów,52.083979,20.544699
5802,Jakubów,51.607531,15.998577
5812,Janikowo,52.75378,18.11328
5822,Janów,55.072724,24.279334
5832,Janowice Wielkie,50.879355,15.923393
5842,Janowiec,51.323514,21.890312
5852,Janowiec Kościelny,53.289198,20.523077
5862,Janowiec Wielkopolski,52.75634,17.48971
5872,Janów Lubelski,50.70669,22.41078
5882,Janowo,53.032092,15.192047
5892,Janów Podlaski,52.193979,23.212114
5902,Jaraczewo,51.96882,17.297184
5912,Jarczów,50.424299,23.585477
5922,Jarocin,51.972449,17.501941
5932,Jarosław,57.626074,39.884471
5942,Jasień,51.751502,15.013653
5952,Jasienica,49.812778,18.920556
5962,Jasienica Rosielna,49.751186,21.942146
5972,Jasieniec,51.821062,20.941108
5982,Jasionówka,53.395052,23.037879
5992,Jaśliska,49.4421,21.808348
6002,Jasło,49.744566,21.472288
6012,Jastarnia,54.695733,18.67884
6022,Jastków,51.312092,22.45821
6032,Jastrowie,53.42049,16.81504
6042,Jastrząb,51.246307,20.947448
6052,Jastrzębia,51.246307,20.947448
6062,Jastrzębie-Zdrój,49.945421,18.61011
6072,Jaświły,53.479142,22.949318
6082,Jawor,51.054528,16.186323
6092,Jawornik Polski,49.890759,22.288735
6102,Jaworze,49.806111,18.942222
6112,Jaworzno,50.204987,19.273931
6122,Jaworzyna Śląska,50.912926,16.432166
6132,Jedlicze,49.71749,21.64896
6142,Jedlina-Zdrój,50.71966,16.345569
6152,Jedlińsk,51.516667,21.116667
6162,Jedlnia-Letnisko,51.429722,21.334444
6172,Jednorożec,53.140515,21.051153
6182,Jędrzejów,50.639337,20.303877
6192,Jedwabne,53.285288,22.299934
6202,Jedwabno,53.528735,20.726453
6212,Jejkowice,50.106944,18.467778
6222,Jelcz-Laskowice,51.021295,17.316479
6232,Jelenia Góra,50.904417,15.719362
6242,Jeleniewo,54.203785,22.912613
6252,Jeleśnia,49.641667,19.326944
6262,Jemielnica,50.546147,18.378027
6272,Jemielno,51.527104,16.542637
6282,Jerzmanowa,51.59621,16.044937
6292,Jerzmanowice-Przeginia,50.211892,19.746399
6302,Jeżewo,53.509444,18.495556
6312,Jeziorany,53.975526,20.746177
6322,Jeziora Wielkie,52.529587,18.267252
6332,Jeziorzany,49.993663,19.776279
6342,Jeżów,51.813568,19.968492
6352,Jeżowe,50.375075,22.127463
6362,Jeżów Sudecki,50.936112,15.74164
6372,Jodłowa,49.871683,21.278049
6382,Jodłownik,50.645114,16.611998
6392,Joniec,52.60053,20.58166
6402,Jonkowo,53.828068,20.310995
6412,Jordanów,49.64913,19.83001
6422,Jordanów Śląski,50.863877,16.868337
6432,Józefów,52.13682,21.235427
6442,Józefów nad Wisłą,51.040429,21.830441
6452,Juchnowiec Kościelny,53.018929,23.141036
6462,Jutrosin,51.652259,17.168853
6472,Kaczory,53.10219,16.884159
6482,Kadzidło,53.237586,21.466202
6492,Kąkolewnica Wschodnia,51.899486,22.637722
6502,Kalety,50.56501,18.88256
6512,Kalinowo,53.873754,22.671842
6522,Kaliska,52.407867,19.119545
6532,Kalisz Pomorski,53.29862,15.90598
6542,Kałuszyn,52.206705,21.808426
6552,Kalwaria Zebrzydowska,49.86686,19.67676
6562,Kamień,50.340276,22.135566
6572,Kamienica,49.574447,20.344696
6582,Kamienica Polska,50.683333,19.15
6592,Kamieniec,52.4,23.816667
6602,Kamieniec Ząbkowicki,50.525192,16.879159
6612,Kamień Krajeński,53.533348,17.521387
6622,Kamienna Góra,50.785208,16.023718
6632,Kamiennik,50.569957,17.149382
6642,Kamień Pomorski,53.967252,14.771425
6652,Kamieńsk,51.204862,19.498866
6662,Kamionka,50.526742,18.065009
6672,Kamionka Wielka,49.567767,20.824019
6682,Kampinos,52.268167,20.463221
6692,Kańczuga,49.983353,22.411607
6702,Karczew,52.075766,21.250067
6712,Karczmiska,53.301339,23.190032
6722,Kargowa,52.0721,15.865347
6732,Karlino,54.03351,15.8769
6742,Karnice,54.029557,15.054869
6752,Karniewo,52.955158,20.57728
6762,Karpacz,50.775882,15.755598
6772,Karsin,53.905,17.928333
6782,Kartuzy,54.3343,18.1972
6792,Kąty Wrocławskie,51.03092,16.767596
6802,Kawęczyn,51.909806,18.534586
6812,Kazanów,51.275559,21.467406
6822,Kazimierza Wielka,50.26542,20.49344
6832,Kazimierz Biskupi,52.312873,18.167476
6842,Kazimierz Dolny,51.318041,21.954248
6852,Kaźmierz,52.513056,16.586389
6862,Kcynia,52.99166,17.48843
6872,Kędzierzyn-Koźle,50.349881,18.226184
6882,Kępice,54.24052,16.88967
6892,Kępno,51.278136,17.989059
6902,Kęsowo,53.558568,17.716109
6912,Kętrzyn,54.07657,21.37504
6922,Kęty,49.88073,19.2228
6932,Kiełczygłów,51.238834,18.985943
6942,Kiernozia,52.268474,19.871163
6952,Kietrz,50.08005,18.00413
6962,Kije,50.606635,20.569852
6972,Kijewo Królewskie,53.273191,18.444361
6982,Kikół,52.911952,19.119915
6992,Kisielice,53.608535,19.263654
7002,Kiszkowo,52.58848,17.266539
7012,Kiwity,54.100534,20.772579
7022,Kłaj,49.99352,20.298981
7032,Kłecko,52.631644,17.430646
7042,Kleczew,52.37048,18.17716
7052,Klembów,52.406255,21.331709
7062,Kleszczele,52.572629,23.325227
7072,Kleszczewo,54.191747,18.515807
7082,Kleszczów,51.222814,19.304583
7092,Klimontów,50.656766,21.451036
7102,Kłobuck,50.900917,18.936793
7112,Kłoczew,51.721137,21.964925
7122,Kłodawa,52.254266,18.913468
7132,Kłodzko,50.434564,16.661394
7142,Kłomnice,50.921827,19.35689
7152,Klonowa,53.450948,17.968876
7162,Kluczbork,50.97235,18.21807
7172,Klucze,50.335733,19.562571
7182,Kluczewsko,50.927852,19.918789
7192,Kluki,54.682325,17.338009
7202,Klukowo,52.666388,20.742071
7212,Klwów,51.534464,20.636451
7222,Knurów,50.221932,18.670647
7232,Knyszyn,53.312683,22.91969
7242,Kobiele Wielkie,51.031571,19.624929
7252,Kobierzyce,50.970209,16.93497
7262,Kobiór,50.060278,18.939444
7272,Kobyla Góra,51.380363,17.836446
7282,Kobylanka,49.667519,21.221467
7292,Kobylin,51.715758,17.22668
7302,Kobylin-Borzymy,53.094143,22.670649
7312,Kobyłka,52.339238,21.195985
7322,Kobylnica,54.440565,16.998389
7332,Kochanowice,50.710805,18.75181
7342,Kocierzew Południowy,52.216478,20.018201
7352,Kock,51.64122,22.44796
7362,Kocmyrzów-Luborzyca,50.128929,20.131432
7372,Koczała,53.904474,17.066411
7382,Kodeń,51.914075,23.606818
7392,Kodrąb,53.914534,14.611216
7402,Kołaczkowo,53.033952,17.784545
7412,Kołaczyce,49.807373,21.433192
7422,Kołaki Kościelne,53.021471,22.376844
7432,Kołbaskowo,53.336027,14.440228
7442,Kołbiel,52.064647,21.483664
7452,Kolbudy,54.270833,18.472222
7462,Kolbuszowa,50.24417,21.77627
7472,Kołczygłowy,54.238812,17.231285
7482,Kolno,53.407775,21.932649
7492,Koło,52.19986,18.63847
7502,Kołobrzeg,54.175917,15.583267
7512,Kolonowskie,50.653273,18.38426
7522,Kolsko,51.961102,15.959277
7532,Koluszki,51.738289,19.819639
7542,Komańcza,49.336812,22.070203
7552,Komarówka Podlaska,51.803728,22.944005
7562,Komarów-Osada,50.629102,23.473078
7572,Komorniki,52.343923,16.81171
7582,Komprachcice,50.635833,17.823333
7592,Konarzyny,53.822709,17.379289
7602,Kondratowice,50.773135,16.934877
7612,Koneck,52.783014,18.719246
7622,Koniecpol,50.77414,19.68924
7632,Koniusza,50.188452,20.215781
7642,Konopiska,50.726378,19.007893
7652,Konopnica,51.354238,18.823576
7662,Końskie,51.191469,20.40685
7672,Końskowola,51.409096,22.051777
7682,Konstancin-Jeziorna,52.093872,21.117722
7692,Konstantynów,51.747605,19.325491
7702,Konstantynów Łódzki,51.747605,19.325491
7712,Koprzywnica,50.593022,21.585248
7722,Korczew,52.353047,22.613639
7732,Korczyna,49.715352,21.809384
7742,Korfantów,50.488858,17.598975
7752,Kórnik,52.246774,17.09013
7762,Kornowac,50.072362,18.32221
7772,Koronowo,53.315595,17.924967
7782,Korsze,54.16967,21.13909
7792,Korycin,53.483333,22.933333
7802,Korytnica,52.414398,21.8496
7812,Korzenna,50.709722,20.93329
7822,Kosakowo,54.58914,18.485602
7832,Kościan,52.081612,16.638547
7842,Kościelec,49.2254,20.014574
7852,Kościelisko,49.290294,19.889583
7862,Kościerzyna,54.122246,17.981261
7872,Kosów Lacki,52.596028,22.147003
7882,Kostomłoty,51.973064,23.618401
7892,Kostrzyn,52.587189,14.649447
7902,Kostrzyn nad Odrą,52.587189,14.649447
7912,Koszarawa,49.643658,19.400471
7922,Koszęcin,50.637777,18.840921
7932,Koszyce,48.721005,21.2578
7942,Kotla,51.745182,16.035213
7952,Kotlin,51.919119,17.64782
7962,Kotuń,52.177176,22.067678
7972,Kowal,52.53015,19.14773
7982,Kowala,52.53015,19.14773
7992,Kowale Oleckie,54.162902,22.416476
8002,Kowalewo Pomorskie,53.15467,18.89802
8012,Kowary,50.79171,15.83665
8022,Kowiesy,51.889288,20.4189
8032,Koziegłowy,50.59991,19.16304
8042,Kozielice,53.107182,14.82296
8052,Kozienice,51.585533,21.551177
8062,Kozłów,50.484137,20.024807
8072,Kozłowo,53.302803,20.27965
8082,Koźminek,51.798569,18.338986
8092,Koźmin Wielkopolski,51.82709,17.45392
8102,Kożuchów,51.7454,15.59843
8112,Kozy,49.845,19.15
8122,Krajenka,53.29667,16.99062
8132,Kramsk,52.264987,18.426587
8142,Krapkowice,50.474505,17.965139
8152,Krasiczyn,49.77622,22.652543
8162,Krasne,52.924274,20.967065
8172,Kraśniczyn,50.93305,23.351991
8182,Kraśnik,50.923283,22.226957
8192,Krasnobród,50.545313,23.213387
8202,Krasnopol,54.116177,23.206557
8212,Krasnosielc,53.0299,21.1607
8222,Krasnystaw,50.98411,23.17194
8232,Krasocin,50.889479,20.117174
8242,Kraszewice,51.518305,18.220173
8252,Krempna,49.510978,21.500415
8262,Krobia,51.774,16.98399
8272,Kroczyce,50.563611,19.570556
8282,Krokowa,54.778698,18.162102
8292,Krościenko nad Dunajcem,49.4375,20.429722
8302,Krościenko Wyżne,49.680948,21.810398
8312,Krośnice,51.47451,17.374775
8322,Krośniewice,52.25581,19.17067
8332,Krosno,49.682476,21.766053
8342,Krosno Odrzańskie,52.055037,15.09721
8352,Krotoszyce,51.144943,16.047285
8362,Krotoszyn,51.696528,17.435943
8372,Kruklanki,54.087592,21.919928
8382,Krupski Młyn,50.573457,18.623355
8392,Kruszwica,52.67429,18.33159
8402,Kruszyna,50.96697,19.27727
8412,Krynica Morska,54.379991,19.444141
8422,Krynica-Zdrój,49.421516,20.959421
8432,Krynice,53.226595,23.03167
8442,Krynki,53.26399,23.7725
8452,Krypno,53.28583,22.879134
8462,Krzanowice,50.019414,18.122862
8472,Krzczonów,49.737506,19.925979
8482,Krzęcin,53.081575,15.490023
8492,Krzemieniewo,51.857861,16.841512
8502,Krzepice,50.969668,18.7293
8512,Krzeszów,50.733374,16.070745
8522,Krzeszowice,50.14192,19.63231
8532,Krzeszyce,52.58318,15.006839
8542,Krzykosy,52.110535,17.375647
8552,Krzymów,52.980272,14.331138
8562,Krzynowłoga Mała,53.156965,20.785712
8572,Krzywcza,49.798259,22.545112
8582,Krzywda,51.800455,22.193637
8592,Krzywiń,51.962982,16.819896
8602,Krzyżanów,52.184137,19.456353
8612,Krzyżanowice,49.983129,18.268364
8622,Krzyż Wielkopolski,52.88081,16.01119
8632,Ksawerów,51.682781,19.402829
8642,Książki,53.330048,19.070382
8652,Książ Wielki,50.443296,20.139864
8662,Książ Wielkopolski,52.060904,17.239347
8672,Księżpol,50.423009,22.735177
8682,Kuczbork-Osada,53.085968,20.04767
8692,Kudowa-Zdrój,50.442716,16.242661
8702,Kulesze Kościelne,53.01498,22.505079
8712,Kunice,52.266418,14.657825
8722,Kunów,50.961439,21.280417
8732,Kurów,51.389507,22.185117
8742,Kuryłówka,50.299802,22.466265
8752,Kurzętnik,53.399167,19.576944
8762,Kuślin,52.36247,16.315223
8772,Kutno,52.230618,19.364278
8782,Kuźnia Raciborska,50.20009,18.31153
8792,Kuźnica,53.510671,23.649299
8802,Kwidzyn,53.726353,18.932304
8812,Kwilcz,52.554915,16.085753
8822,Łabiszyn,52.95211,17.91972
8832,Łabowa,49.527784,20.855083
8842,Łabunie,50.655551,23.365824
8852,Łąck,52.465739,19.611185
8862,Łącko,49.557092,20.436003
8872,Łączna,51.002642,20.794182
8882,Lądek,52.209468,17.929896
8892,Lądek-Zdrój,50.34308,16.879536
8902,Ładzice,51.080801,19.358759
8912,Łagiewniki,50.790731,16.844611
8922,Łagów,52.33308,15.296845
8932,Łambinowice,50.538452,17.559627
8942,Lanckorona,49.845681,19.71508
8952,Łańcut,50.06824,22.2298
8962,Łanięta,52.361844,19.280272
8972,Łapanów,49.864569,20.289332
8982,Łapsze Niżne,49.396878,20.244302
8992,Łapy,52.991295,22.884313
9002,Łasin,53.519361,19.087091
9012,Łask,51.590636,19.132788
9022,Łaskarzew,51.78914,21.59133
9032,Laskowa,49.761339,20.450315
9042,Lasowice Wielkie,50.869476,18.226773
9052,Łaszczów,50.533242,23.725556
9062,Laszki,50.019432,22.895422
9072,Latowicz,52.026476,21.810775
9082,Łaziska,49.028639,19.544195
9092,Łaziska Górne,50.1494,18.84028
9102,Łazy,54.31,16.203056
9112,Łeba,54.760117,17.556312
9122,Lębork,54.544642,17.753251
9132,Łęczna,51.3009,22.88211
9142,Łęczyca,52.05959,19.19969
9152,Łęczyce,54.594107,17.860479
9162,Lędziny,50.142536,19.131054
9172,Legionowo,52.404448,20.94997
9182,Legnickie Pole,51.144354,16.242782
9192,Łęka Opatowska,51.212098,18.106974
9202,Łękawica,49.722949,19.262869
9212,Łęki Szlacheckie,51.186714,19.803457
9222,Łęknica,51.541391,14.735834
9232,Lelis,53.177819,21.556566
9242,Lelkowo,54.324287,20.224628
9252,Lelów,50.683592,19.625278
9262,Leoncin,52.393775,20.534106
9272,Lesko,49.470121,22.330432
9282,Leśna,53.949469,17.699833
9292,Leśna Podlaska,52.13164,23.02975
9302,Leśnica,49.402289,20.469563
9312,Leśniowice,50.984958,23.496824
9322,Leszno,51.841986,16.593755
9332,Lesznowola,52.090681,20.934516
9342,Lewin Brzeski,50.74829,17.6188
9352,Lewin Kłodzki,50.405617,16.290978
9362,Leżajsk,50.262053,22.421081
9372,Lgota Wielka,51.148851,19.327898
9382,Libiąż,50.103793,19.315677
9392,Lichnowy,54.114717,18.913818
9402,Lidzbark,53.262554,19.826521
9412,Lidzbark Warmiński,54.124912,20.585951
9422,Limanowa,49.70587,20.42228
9432,Linia,12.04613,15.30657
9442,Liniewo,54.075933,18.226228
9452,Lipce Reymontowskie,51.897802,19.941686
9462,Lipiany,53.00338,14.96923
9472,Lipie,13.941876,121.16442
9482,Lipinki,49.671897,21.291155
9492,Lipinki Łużyckie,51.639622,14.999633
9502,Lipka,53.495572,17.250369
9512,Lipnica,46.79043,15.56207
9522,Lipnica Murowana,49.85839,20.524793
9532,Lipnica Wielka,49.511129,19.593975
9542,Lipnik,51.233309,18.86791
9552,Lipno,52.844147,19.178413
9562,Lipowa,49.675061,19.093901
9572,Lipowiec Kościelny,53.104062,20.176442
9582,Lipsk,51.339696,12.373075
9592,Lipsko,51.339696,12.373075
9602,Lipusz,54.098486,17.783559
9612,Lisewo,53.295448,18.687547
9622,Lisia Góra,50.079317,21.042978
9632,Lisków,51.832605,18.398435
9642,Liszki,50.0389,19.768832
9652,Liw,52.371831,21.962394
9662,Lniano,53.526745,18.219771
9672,Łobez,53.63918,15.62129
9682,Łobżenica,53.262271,17.255767
9692,Łochów,52.5307,21.68182
9702,Łodygowice,49.730219,19.140648
9712,Łomazy,51.903883,23.177144
9722,Łomianki,52.333658,20.886986
9732,Łomża,53.17812,22.059032
9742,Łoniów,50.563936,21.525938
9752,Łopiennik Górny,51.040161,23.017521
9762,Łopuszno,50.948574,20.250858
9772,Łosice,52.211565,22.718485
9782,Łososina Dolna,49.741717,20.624781
9792,Łowicz,52.106792,19.945374
9802,Lubaczów,50.15621,23.12379
9812,Lubań,51.117914,15.28939
9822,Lubanie,52.74711,18.908947
9832,Lubartów,51.459869,22.609461
9842,Lubasz,52.851703,16.523166
9852,Lubawa,53.50316,19.75203
9862,Lubawka,50.703399,15.999623
9872,Lubenia,49.925237,21.931191
9882,Łubianka,53.138367,18.481342
9892,Lubichowo,53.851453,18.399167
9902,Lubicz,53.03,18.76
9912,Lubień,49.715484,19.975963
9922,Lubień Kujawski,52.406252,19.16515
9932,Lubiewo,53.466444,18.020609
9942,Lubin,51.404203,16.193892
9952,Lubiszyn,52.780094,14.949485
9962,Lubliniec,50.668735,18.684619
9972,Łubniany,50.786119,18.001142
9982,Łubnice,51.164496,18.290371
9992,Lubniewice,52.515861,15.250038
10002,Lubochnia,52.51952,17.723644
10012,Lubomia,50.040123,18.308231
10022,Lubomierz,51.012646,15.510661
10032,Lubomino,54.066663,20.238972
10042,Luboń,52.346166,16.877376
10052,Lubowidz,54.542486,17.815228
10062,Łubowo,52.511836,17.453776
10072,Lubraniec,52.541323,18.831521
10082,Lubrza,52.09709,17.388094
10092,Lubsko,51.784371,14.971931
10102,Lubsza,50.612277,18.999798
10112,Lubycza Królewska,50.341088,23.518572
10122,Ludwin,51.345783,22.905901
10132,Łuków,51.927158,22.383024
10142,Łukowa,51.927158,22.383024
10152,Łukowica,49.606715,20.491365
10162,Łukta,53.805302,20.084955
10172,Lutocin,52.98122,19.766715
10182,Lutomiersk,51.753756,19.21093
10192,Lutowiska,49.251364,22.695265
10202,Lututów,51.370895,18.4352
10212,Luzino,54.566021,18.103755
10222,Łużna,49.712277,21.045638
10232,Lwówek,52.447957,16.181037
10242,Lwówek Śląski,51.109579,15.590514
10252,Łyse,53.364339,21.564621
10262,Lyski,50.119722,18.391389
10272,Łysomice,53.0864,18.619787
10282,Łyszkowice,51.98576,19.906467
10292,Maciejowice,51.691924,21.553513
10302,Magnuszew,51.764669,21.379957
10312,Majdan Królewski,50.379092,21.745915
10322,Maków,51.345312,21.253552
10332,Maków Mazowiecki,52.864971,21.100115
10342,Maków Podhalański,49.72953,19.67695
10352,Malanów,51.953278,18.391359
10362,Mała Wieś,52.458562,20.101066
10372,Malbork,54.036132,19.037976
10382,Malczyce,51.220427,16.493598
10392,Małdyty,53.918411,19.744282
10402,Malechowo,53.826731,16.690828
10412,Małkinia Górna,52.693466,22.026996
10422,Małogoszcz,50.812116,20.265098
10432,Małomice,51.55577,15.449682
10442,Mały Płock,53.305148,22.027948
10452,Manowo,54.125722,16.301102
10462,Marcinowice,52.058344,15.077278
10472,Marciszów,50.841412,16.034711
10482,Margonin,52.973137,17.094749
10492,Marianowo,53.38284,15.264163
10502,Marki,52.321344,21.103566
10512,Marklowice,50.01653,18.51929
10522,Markowa,50.022181,22.311381
10532,Markusy,54.050103,19.399758
10542,Markuszów,51.374502,22.258185
10552,Masłów,50.906667,20.726389
10562,Masłowice,51.106356,19.789318
10572,Maszewo,53.49633,15.06139
10582,Męcinka,51.073092,16.096734
10592,Mędrzechów,50.281557,20.94694
10602,Medyka,49.804916,22.934503
10612,Mełgiew,51.225037,22.78508
10622,Miączyn,50.737924,23.500733
10632,Miasteczko Krajeńskie,53.097574,17.003822
10642,Miasteczko Śląskie,50.501874,18.939489
10652,Miastko,54.0026,16.98265
10662,Miastków Kościelny,51.883023,21.825273
10672,Miastkowo,53.151828,21.824062
10682,Michałów,50.495272,20.461829
10692,Michałowice,50.159302,19.980216
10702,Michałowo,53.032938,23.606219
10712,Michów,51.523828,22.312151
10722,Miechów,50.35687,20.027413
10732,Miedziana Góra,50.931086,20.565269
10742,Miedzichowo,52.373889,15.955278
10752,Miedzna,50.969964,18.981408
10762,Miedźna,50.969964,18.981408
10772,Miedźno,50.969964,18.981408
10782,Międzybórz,51.396248,17.666034
10792,Międzychód,52.59855,15.89254
10802,Międzylesie,50.147749,16.667084
10812,Międzyrzec Podlaski,51.98535,22.784843
10822,Międzyrzecz,52.444481,15.577901
10832,Międzyzdroje,53.928314,14.450485
10842,Miejsce Piastowe,49.634568,21.78698
10852,Miejska Górka,51.655169,16.956484
10862,Miękinia,51.190446,16.736196
10872,Mielec,50.287063,21.42381
10882,Mieleszyn,52.668418,17.497437
10892,Mielnik,52.331084,23.045963
10902,Mielno,54.25998,16.062207
10912,Mieroszów,50.6659,16.18882
10922,Mierzęcice,50.444648,19.128438
10932,Mieścisko,52.743333,17.331667
10942,Mieszkowice,52.78747,14.49337
10952,Mietków,50.974493,16.650384
10962,Mikołajki,53.802702,21.570604
10972,Mikołajki Pomorskie,53.852215,19.166646
10982,Mikołów,50.179018,18.903804
10992,Mikstat,51.532096,17.973783
11002,Miłakowo,54.008565,20.070604
11012,Milanów,51.70363,22.888413
11022,Milanówek,52.118532,20.671623
11032,Milejczyce,52.519614,23.132084
11042,Milejewo,54.216744,19.540204
11052,Milejów,51.231934,22.924495
11062,Milicz,51.527596,17.271212
11072,Miłki,53.933333,21.866667
11082,Miłkowice,51.256421,16.065908
11092,Miłomłyn,53.764338,19.838087
11102,Miłoradz,54.013932,18.918262
11112,Miłosław,52.20307,17.48955
11122,Milówka,49.559368,19.086865
11132,Mińsk Mazowiecki,52.179284,21.572106
11142,Mircze,50.6507,23.895439
11152,Mirosławiec,53.34254,16.089279
11162,Mirów,53.275386,12.8175
11172,Mirsk,50.970464,15.385877
11182,Mirzec,51.134296,21.057741
11192,Mława,53.112263,20.383721
11202,Młodzieszyn,52.302901,20.198984
11212,Młynary,54.186317,19.720409
11222,Młynarze,52.530613,21.368092
11232,Mniów,51.012376,20.484813
11242,Mniszków,50.862234,15.946003
11252,Mochowo,52.765209,19.558374
11262,Modliborzyce,50.754164,22.329447
11272,Mogielnica,51.694067,20.72354
11282,Mogilany,49.939462,19.889643
11292,Mogilno,52.657765,17.955693
11302,Mokobody,52.265315,22.11188
11312,Mokrsko,51.178757,18.488347
11322,Mońki,53.40491,22.79712
11332,Morąg,53.91604,19.927934
11342,Morawica,50.746487,20.617648
11352,Mordy,52.211703,22.517798
11362,Moryń,52.85768,14.39293
11372,Morzeszczyn,53.839921,18.691381
11382,Mosina,52.245407,16.847055
11392,Moskorzew,50.646558,19.936607
11402,Moszczenica,51.503052,19.713863
11412,Mrągowo,53.86416,21.304873
11422,Mrocza,53.24285,17.60415
11432,Mrozy,52.165665,21.802436
11442,Mściwojów,51.042284,16.271234
11452,Mstów,50.829454,19.285985
11462,Mszana,49.969259,18.527239
11472,Mszana Dolna,49.67403,20.07982
11482,Mszczonów,51.982047,20.521618
11492,Mucharz,49.811839,19.558377
11502,Murów,50.861929,17.94602
11512,Murowana Goślina,52.573818,17.008658
11522,Muszyna,49.35659,20.897162
11532,Mycielin,51.63059,15.698469
11542,Mykanów,50.923977,19.195381
11552,Mysłakowice,50.841099,15.77776
11562,Myślenice,49.83347,19.93965
11572,Myślibórz,52.923719,14.86785
11582,Mysłowice,50.208047,19.166051
11592,Myszków,50.570685,19.314464
11602,Myszyniec,53.380492,21.349532
11612,Nadarzyn,52.093585,20.806062
11622,Nagłowice,50.678237,20.106392
11632,Nakło nad Notecią,53.141757,17.601834
11642,Nałęczów,51.28567,22.215293
11652,Namysłów,51.07588,17.72244
11662,Narew,52.914745,23.520391
11672,Narewka,52.832514,23.762745
11682,Narol,50.34905,23.326812
11692,Naruszewo,52.526649,20.351407
11702,Nasielsk,52.58991,20.80568
11712,Nawojowa,49.559971,20.746196
11722,Nędza,50.160732,18.310847
11732,Nekla,46.581036,17.514137
11742,Nidzica,53.360814,20.427487
11752,Nieborów,52.068819,20.069593
11762,Niebylec,49.856003,21.903393
11772,Niechanowo,52.464631,17.67734
11782,Niechlów,51.688331,16.369298
11792,Niedrzwica Duża,51.114514,22.389874
11802,Niedźwiada,49.989789,21.550785
11812,Niedźwiedź,49.620618,20.077526
11822,Niegosławice,51.587587,15.713169
11832,Niegowa,50.641495,19.484396
11842,Nielisz,50.800192,23.044035
11852,Niemce,51.360502,22.634764
11862,Niemcza,53.183333,18.033333
11872,Niemodlin,50.6422,17.61989
11882,Niepołomice,50.040666,20.222533
11892,Nieporęt,52.432532,21.031007
11902,Nieszawa,52.834401,18.895077
11912,Nisko,50.52001,22.13955
11922,Niwiska,50.22459,21.628711
11932,Nowa Brzeźnica,51.081209,19.183669
11942,Nowa Dęba,50.42959,21.75077
11952,Nowa Karczma,54.133244,18.202154
11962,Nowa Ruda,50.579714,16.503709
11972,Nowa Sarzyna,50.32035,22.3446
11982,Nowa Słupia,50.863809,21.089898
11992,Nowa Sól,51.80344,15.71707
12002,Nowa Sucha,52.153078,20.184084
12012,Nowa Wieś Lęborska,54.558059,17.727202
12022,Nowa Wieś Wielka,52.969837,18.091091
12032,Nowe,53.64903,18.727108
12042,Nowe Brzesko,50.13151,20.374572
12052,Nowe Miasteczko,51.690482,15.731939
12062,Nowe Miasto,52.38048,16.986512
12072,Nowe Miasto Lubawskie,53.42232,19.59222
12082,Nowe Miasto nad Pilicą,51.617574,20.576645
12092,Nowe Miasto nad Wartą,52.087528,17.412346
12102,Nowe Ostrowy,52.303567,19.19249
12112,Nowe Piekuty,52.85686,22.709941
12122,Nowe Skalmierzyce,51.711172,17.993399
12132,Nowe Warpno,53.722243,14.289177
12142,Nowinka,52.01804,21.048479
12152,Nowodwór,51.638728,22.101905
12162,Nowogard,53.67418,15.116374
12172,Nowogród,53.226552,21.879021
12182,Nowogród Bobrzański,51.798528,15.235124
12192,Nowogródek Pomorski,52.911427,15.029548
12202,Nowogrodziec,51.197368,15.398342
12212,Nowosolna,51.757665,15.608762
12222,Nowy Duninów,52.582351,19.479909
12232,Nowy Dwór,51.862384,20.287423
12242,Nowy Dwór Gdański,54.20801,19.11753
12252,Nowy Dwór Mazowiecki,52.446508,20.692522
12262,Nowy Kawęczyn,51.885768,20.247158
12272,Nowy Korczyn,50.301027,20.807479
12282,Nowy Sącz,49.617454,20.715333
12292,Nowy Staw,54.13607,19.00874
12302,Nowy Targ,49.477465,20.032096
12312,Nowy Tomyśl,52.318189,16.128255
12322,Nowy Wiśnicz,49.9158,20.461262
12332,Nowy Żmigród,49.603521,21.52367
12342,Nozdrzec,49.773147,22.19873
12352,Nur,36.573611,52.013889
12362,Nurzec-Stacja,52.461026,23.083155
12372,Nysa,50.482286,17.329586
12382,Oborniki,52.644861,16.814199
12392,Oborniki Śląskie,51.300987,16.914809
12402,Obrazów,50.692278,21.650708
12412,Obrowo,52.971687,18.878816
12422,Obryte,52.716604,21.249663
12432,Obrzycko,52.702954,16.527078
12442,Obsza,50.315226,22.956837
12452,Ochotnica Dolna,49.525897,20.342456
12462,Odolanów,51.57429,17.67392
12472,Odrzywół,51.519147,20.55594
12482,Ogrodzieniec,50.45125,19.51903
12492,Ojrzeń,52.762484,20.542535
12502,Okonek,53.53584,16.85211
12512,Oksa,50.728749,20.100239
12522,Oława,50.945928,17.292402
12532,Olecko,54.033728,22.506943
12542,Oleśnica,51.213435,17.38985
12552,Olesno,50.87526,18.41472
12562,Oleszyce,50.167689,23.034997
12572,Olkusz,50.281316,19.565687
12582,Olszanica,49.477405,22.443053
12592,Olszanka,50.794999,17.478744
12602,Olszewo-Borki,53.066575,21.535302
12612,Olszówka,51.392835,17.418624
12622,Olsztynek,53.58244,20.2827
12632,Olszyna,51.06681,15.37221
12642,Opalenica,52.30876,16.4128
12652,Opatów,50.801854,21.427194
12662,Opatówek,51.739662,18.215687
12672,Opatowiec,50.244006,20.72393
12682,Opinogóra Górna,52.906405,20.717725
12692,Opoczno,51.375338,20.278763
12702,Opole Lubelskie,51.14738,21.96914
12712,Oporów,52.264284,19.564287
12722,Orchowo,52.508628,18.015834
12732,Orla,48.745193,2.401373
12742,Orły,48.745193,2.401373
12752,Orneta,54.11538,20.13023
12762,Ornontowice,50.183333,18.766667
12772,Orońsko,51.313314,20.990364
12782,Orzesze,50.143778,18.775686
12792,Orzysz,53.80989,21.9473
12802,Osie,53.598544,18.343917
12812,Osięciny,52.628225,18.727124
12822,Osieck,51.965973,21.419225
12832,Osieczna,51.903988,16.678338
12842,Osiecznica,51.327207,15.42055
12852,Osiek,54.284527,16.2184
12862,Osiek Jasielski,49.636031,21.486997
12872,Osiek Mały,52.275972,18.604157
12882,Osielsko,53.183333,18.066667
12892,Osina,53.604579,15.012304
12902,Osjaków,51.289709,18.791827
12912,Ośno Lubuskie,52.453099,14.8756
12922,Ostaszewo,53.116856,18.63126
12932,Ostróda,53.696301,19.964795
12942,Ostrołęka,53.087654,21.559255
12952,Ostroróg,52.626727,16.451199
12962,Ostrów,57.351422,28.335995
12972,Ostrówek,52.552991,21.759081
12982,Ostrowice,50.929523,21.385192
12992,Ostrowiec Świętokrzyski,50.929523,21.385192
13002,Ostrowite,53.750305,18.030104
13012,Ostrów Lubelski,51.493877,22.852881
13022,Ostrów Mazowiecka,52.802437,21.895042
13032,Ostrów Wielkopolski,51.654986,17.806826
13042,Ostrzeszów,51.42582,17.93378
13052,Oświęcim,50.034398,19.209778
13062,Otmuchów,50.466069,17.173362
13072,Otwock,52.105319,21.261625
13082,Otyń,51.847332,15.710114
13092,Ożarów,50.88758,21.66654
13102,Ożarowice,50.461433,19.042833
13112,Ożarów Mazowiecki,52.210351,20.797233
13122,Ozimek,50.6787,18.21379
13132,Ozorków,51.963292,19.291386
13142,Pabianice,51.65673,19.35776
13152,Pacanów,50.400018,21.041605
13162,Pacyna,52.303799,19.708566
13172,Paczków,50.463565,17.005726
13182,Padew Narodowa,50.438956,21.500356
13192,Pajęczno,51.14489,18.99908
13202,Pakość,52.80141,18.08517
13212,Pakosław,51.614116,17.0581
13222,Pakosławice,50.543741,17.370801
13232,Pałecznica,50.290911,20.303177
13242,Panki,50.882992,18.750638
13252,Papowo Biskupie,53.24821,18.566103
13262,Paprotnia,52.2167,20.4333
13272,Paradyż,51.305177,20.114502
13282,Parchowo,54.206444,17.667777
13292,Parczew,51.64027,22.90032
13302,Parysów,51.974638,21.680204
13312,Parzęczew,51.947431,19.206135
13322,Pasłęk,54.061907,19.664068
13332,Pasym,53.650729,20.791932
13342,Paszowice,51.010597,16.151856
13352,Pątnów,51.146537,18.607306
13362,Pawłosiów,49.995214,22.645755
13372,Pawłów,50.962365,21.120109
13382,Pawłowice,49.961302,18.717863
13392,Pawłowiczki,50.246185,18.048606
13402,Pawonków,50.694384,18.58175
13412,Pcim,49.750523,19.970757
13422,Pęcław,51.93009,21.193556
13432,Pęczniew,51.803431,18.723172
13442,Pełczyce,53.04312,15.30489
13452,Pelplin,53.928314,18.697942
13462,Pępowo,54.36765,18.397459
13472,Perlejewo,52.568803,22.562647
13482,Perzów,51.275759,17.809567
13492,Piaseczno,52.081154,21.02386
13502,Piaski,51.138805,22.848536
13512,Piastów,52.184518,20.840043
13522,Piątek,52.068812,19.479744
13532,Piątnica,53.1952,22.095545
13542,Piechowice,50.84956,15.59851
13552,Piecki,53.765091,21.33795
13562,Piekary Śląskie,50.378911,18.927048
13572,Piekoszów,50.881638,20.465929
13582,Pielgrzymka,51.114909,15.813691
13592,Pieniężno,54.236292,20.12859
13602,Pieńsk,51.2475,15.04176
13612,Pierzchnica,50.696661,20.75514
13622,Pieszyce,50.711615,16.582042
13632,Pietrowice Wielkie,50.084385,18.092398
13642,Piła,53.150967,16.738227
13652,Pilawa,51.95914,21.53057
13662,Piława Górna,50.682804,16.743476
13672,Pilchowice,50.214674,18.562563
13682,Pilica,50.467465,19.657386
13692,Pilzno,49.738431,13.373637
13702,Pińczów,50.52034,20.526457
13712,Pionki,51.475775,21.450055
13722,Piotrków Kujawski,52.55106,18.49897
13742,Pisz,53.62894,21.81237
13752,Piszczac,51.980945,23.376075
13762,Piwniczna-Zdrój,49.439609,20.713445
13772,Płaska,53.903416,23.252171
13782,Platerów,52.30306,22.819386
13792,Platerówka,51.059563,15.171831
13802,Pleśna,53.866712,17.551498
13812,Pleszew,51.896329,17.787055
13822,Płoniawy-Bramura,52.977179,21.071903
13832,Płońsk,52.623013,20.375359
13842,Płoskinia,54.27002,19.936176
13852,Płośnica,53.271696,20.011514
13862,Płoty,53.80152,15.26727
13872,Płużnica,53.291759,18.776594
13882,Pniewy,52.508905,16.256716
13892,Pobiedziska,52.47747,17.288001
13902,Poczesna,50.715977,19.159279
13912,Poddębice,51.89325,18.9572
13922,Podedwórze,51.687877,23.199638
13932,Podegrodzie,49.575956,20.588811
13942,Podgórzyn,50.827405,15.684743
13952,Podkowa Leśna,52.119993,20.726508
13962,Pogorzela,51.821908,17.229297
13972,Pokój,49.481632,15.906542
13982,Pokrzywnica,52.62,21.0125
13992,Połajewo,52.798943,16.734355
14002,Polanica-Zdrój,50.411909,16.514812
14012,Połaniec,50.43302,21.28065
14022,Polanka Wielka,49.985272,19.326337
14032,Polanów,54.119289,16.687543
14042,Połczyn-Zdrój,53.767448,16.091739
14052,Police,53.552042,14.572061
14062,Policzna,51.455394,21.626322
14072,Polkowice,51.502485,16.062049
14082,Polska Cerekiew,50.227737,18.126735
14092,Pomiechówek,52.472091,20.733721
14102,Poniatowa,51.192893,22.065088
14112,Poniec,51.763384,16.808734
14122,Popielów,50.822465,17.739867
14132,Popów,51.04168,18.9393
14142,Porąbka,49.817083,19.217635
14152,Poraj,54.657622,17.591026
14162,Poręba,50.48803,19.338939
14172,Poronin,49.337837,20.002958
14182,Postomino,54.493339,16.713753
14192,Poświętne,52.923162,22.828358
14202,Potęgowo,54.482367,17.486283
14212,Potok Górny,50.384498,22.561663
14222,Potok Wielki,50.600467,20.226619
14232,Potworów,51.509401,20.721701
14242,Powidz,52.412797,17.918681
14252,Pozezdrze,54.141067,21.86005
14262,Prabuty,53.755864,19.204534
14272,Praszka,51.05359,18.4535
14282,Prażmów,51.940293,20.954784
14292,Prochowice,51.27304,16.3653
14302,Promna,51.681784,20.964488
14312,Prostki,53.698526,22.432903
14322,Prószków,50.57667,17.871405
14332,Proszowice,50.192192,20.289075
14342,Pruchnik,49.906132,22.51551
14352,Prudnik,50.320678,17.574226
14362,Prusice,51.37043,16.960627
14372,Pruszcz,53.329962,18.198847
14382,Pruszcz Gdański,54.262151,18.636173
14392,Pruszków,52.170473,20.811886
14402,Przasnysz,53.018984,20.880358
14412,Przechlewo,53.800629,17.252897
14422,Przeciszów,50.008863,19.373844
14432,Przecław,50.193374,21.480067
14442,Przedbórz,51.088009,19.87363
14452,Przedecz,52.334268,18.899106
14462,Przelewice,53.10423,15.076017
14472,Przemęt,52.007899,16.300586
14482,Przemków,51.52712,15.786896
14492,Przemyśl,49.783862,22.767791
14502,Przerośl,54.253308,22.659339
14512,Przesmyki,52.268088,22.583961
14522,Przeworno,50.686118,17.16528
14532,Przeworsk,50.0587,22.49377
14542,Przewóz,50.227387,18.248677
14552,Przodkowo,54.379722,18.2875
14562,Przybiernów,53.757747,14.784067
14572,Przygodzice,51.591439,17.824366
14582,Przykona,51.981763,18.612332
14592,Przyłęk,50.518606,16.779464
14602,Przyrów,50.800357,19.527934
14612,Przystajń,50.884896,18.691593
14622,Przysucha,51.357877,20.631796
14632,Przytoczna,51.61936,22.271839
14642,Przytuły,53.061628,21.166214
14652,Przytyk,51.46175,20.913122
14662,Przywidz,54.194974,18.320277
14672,Psary,49.93622,14.512767
14682,Pszczew,52.47798,15.780942
14692,Pszczółki,54.1725,18.698056
14702,Pszczyna,49.985781,18.947709
14712,Pszów,50.040003,18.394399
14722,Puchaczów,51.310276,22.973658
14732,Puck,54.718048,18.408634
14742,Puławy,51.416443,21.969309
14752,Pułtusk,52.69746,21.085207
14762,Puńsk,54.251638,23.179738
14772,Purda,53.708664,20.707087
14782,Puszcza Mariańska,51.978744,20.350185
14792,Puszczykowo,52.286605,16.849487
14802,Pyrzyce,53.146085,14.892404
14812,Pyskowice,50.395579,18.634638
14822,Pysznica,50.574334,22.124429
14832,Pyzdry,52.170576,17.69008
14842,Raba Wyżna,49.56465,19.880351
14852,Rąbino,53.866471,15.943133
14862,Rabka-Zdrój,49.609013,19.967177
14872,Rachanie,50.537254,23.545413
14882,Raciąż,53.661793,17.786605
14892,Raciążek,52.856485,18.813386
14902,Racibórz,50.091523,18.219917
14912,Raciechowice,49.843683,20.146196
14922,Racławice,50.325695,20.237049
14932,Raczki,53.988868,22.782909
14942,Radecznica,50.743136,22.832808
14952,Radgoszcz,52.633513,15.860954
14962,Radków,50.504622,16.39727
14972,Radlin,50.049141,18.476877
14982,Radłów,50.083999,20.849928
14992,Radomin,53.086033,19.193958
15002,Radomsko,51.066854,19.444939
15012,Radomyśl nad Sanem,50.681062,21.944934
15022,Radomyśl Wielki,50.196887,21.276905
15032,Radoszyce,51.074078,20.259277
15042,Radowo Małe,53.665346,15.448049
15052,Radwanice,51.570614,15.947832
15062,Radymno,49.94712,22.82395
15072,Radzanów,50.427433,20.752904
15082,Radzanowo,52.572213,19.890782
15092,Radziechowy-Wieprz,49.64625,19.130991
15102,Radziejów,52.62669,18.5257
15112,Radziejowice,52.004241,20.55599
15122,Radziemice,50.25625,20.236169
15132,Radziłów,53.410367,22.408836
15142,Radzionków,50.399814,18.901763
15152,Radzymin,52.417547,21.180403
15162,Radzyń Chełmiński,53.385034,18.93713
15172,Radzyń Podlaski,51.783203,22.621853
15182,Rajcza,49.513934,19.118131
15192,Rajgród,53.730975,22.704994
15202,Rakoniewice,52.138836,16.273358
15212,Raków,50.673541,21.046389
15222,Rakszawa,50.160289,22.238824
15232,Raniżów,50.267741,21.961931
15242,Raszków,51.718176,17.72575
15252,Raszyn,52.153763,20.920085
15262,Rawa Mazowiecka,51.76623,20.25623
15272,Rawicz,51.60945,16.85863
15282,Recz,53.26014,15.55114
15292,Ręczno,51.190411,19.845858
15302,Reda,54.605387,18.347184
15312,Rędziny,50.857508,19.211479
15322,Regimin,52.943437,20.554472
15332,Regnów,51.748068,20.387224
15342,Rejowiec,51.091113,23.281701
15352,Rejowiec Fabryczny,51.11424,23.24615
15362,Reńska Wieś,50.315901,18.125282
15372,Repki,52.385053,22.391349
15382,Resko,53.77304,15.40611
15392,Reszel,54.0498,21.1458
15402,Rewal,54.081309,15.015794
15412,Rogów,49.613118,21.75353
15422,Rogowo,54.150278,15.330556
15432,Rogóźno,52.74965,17.00343
15442,Rogoźno,52.74965,17.00343
15452,Rojewo,52.902409,18.276653
15462,Rokiciny,51.650417,19.801644
15472,Rokietnica,52.512222,16.745556
15482,Rokitno,52.548516,15.640845
15492,Ropa,49.590972,21.044285
15502,Ropczyce,50.05228,21.60887
15512,Rościszewo,52.898437,19.77561
15522,Rossosz,50.2,39.55
15532,Różan,52.887301,21.391082
15542,Rozdrażew,51.781214,17.505382
15552,Rozogi,53.483606,21.357877
15562,Rozprza,51.301495,19.642852
15572,Roźwienica,49.952542,22.594273
15582,Ruciane-Nida,53.641654,21.539871
15592,Ruda-Huta,51.235893,23.593996
15602,Ruda Maleniecka,51.14583,20.223967
15612,Rudka,52.155547,21.840273
15622,Rudna,51.51119,16.263731
15632,Rudnik,50.878037,19.246128
15642,Rudniki,50.878037,19.246128
15652,Rudnik nad Sanem,50.44324,22.24879
15662,Rudziniec,50.353309,18.409616
15672,Ruja,51.17319,16.412095
15682,Rusiec,51.324397,18.985219
15692,Rusinów,51.435364,20.586255
15702,Rutka-Tartak,54.322611,22.972435
15712,Rutki,54.331098,18.340386
15722,Rybczewice,51.029373,22.850544
15732,Rybno,53.383833,19.930715
15742,Rychliki,53.985056,19.527808
15752,Rychtal,51.141931,17.84702
15762,Rychwał,52.069745,18.166271
15772,Ryczywół,52.81315,16.835784
15782,Rydułtowy,50.057879,18.417382
15792,Rydzyna,51.786466,16.667577
15802,Ryglice,49.878808,21.137599
15812,Ryjewo,53.844685,18.960524
15822,Ryki,51.625632,21.93263
15832,Rymań,53.943937,15.528599
15842,Rymanów,49.57642,21.86815
15852,Ryn,53.93811,21.54633
15862,Rypin,53.065711,19.40941
15872,Rytro,49.489754,20.669508
15882,Rytwiany,50.528828,21.206104
15892,Rząśnia,51.221738,19.042221
15902,Rząśnik,52.714224,21.36631
15912,Rzeczenica,53.757717,17.107702
15922,Rzeczniów,51.128054,21.439266
15932,Rzeczyca,51.587993,20.270497
15942,Rzekuń,53.052106,21.638488
15952,Rzepiennik Strzyżewski,49.807086,21.035645
15962,Rzepin,52.346407,14.832309
15972,Rzewnie,52.834752,21.336228
15982,Rzezawa,49.989837,20.5134
15992,Rzgów,51.663188,19.489958
16002,Sabnie,52.500585,22.307109
16012,Sadki,53.160258,17.44853
16022,Sadkowice,51.726255,20.514084
16032,Sadlinki,53.668611,18.881389
16042,Sadowie,50.671576,18.748136
16052,Sadowne,52.641093,21.845257
16062,Samborzec,50.64576,21.647779
16072,Sandomierz,50.682241,21.750178
16082,Sanniki,52.330196,19.867793
16092,Sanok,49.555019,22.206066
16102,Santok,52.737477,15.410244
16112,Sarnaki,52.314754,22.88938
16122,Sawin,51.266667,23.433333
16132,Ścinawa,51.4159,16.42754
16142,Secemin,50.768806,19.837506
16152,Sędziejowice,51.506088,19.030923
16162,Sędziszów,50.565562,20.055341
16172,Sędziszów Małopolski,50.07097,21.70191
16182,Sejny,54.10809,23.3469
16192,Sękowa,49.622775,21.197964
16202,Sępólno Krajeńskie,53.4513,17.53162
16212,Sępopol,54.269026,21.014345
16222,Serniki,51.437125,22.658457
16232,Serock,52.510366,21.069104
16242,Serokomla,51.702626,22.331626
16252,Sianów,54.22651,16.29158
16262,Sicienko,53.203689,17.800788
16272,Sidra,53.551973,23.448788
16282,Siechnice,51.03365,17.14733
16292,Sieciechów,51.536621,21.744663
16302,Siedlce,52.167603,22.290165
16312,Siedlec,52.167603,22.290165
16322,Siedlisko,51.768695,15.814192
16332,Siedliszcze,51.281155,23.636094
16342,Siekierczyn,51.121787,15.19349
16352,Siemianowice Śląskie,50.326431,19.029571
16362,Siemiątkowo,53.056406,21.819225
16372,Siemiatycze,52.42732,22.86373
16382,Siemień,51.628653,22.772286
16392,Siemkowice,51.203445,18.900503
16402,Siemyśl,54.027688,15.533456
16412,Sieniawa,50.177791,22.609539
16422,Siennica,52.082178,21.619645
16432,Siennica Różana,51.00008,23.32355
16442,Sienno,51.087721,21.476629
16452,Siepraw,49.916667,19.983333
16462,Sieradz,51.595601,18.730299
16472,Sieraków,52.65088,16.07973
16482,Sierakowice,54.346111,17.891667
16492,Sieroszewice,51.633327,17.972759
16502,Sierpc,52.856814,19.669432
16512,Siewierz,50.466575,19.23022
16522,Sitkówka-Nowiny,50.817503,20.54121
16532,Sitno,50.74964,23.36356
16542,Skała,50.23041,19.854152
16552,Skalbmierz,50.319711,20.399249
16562,Skąpe,52.152734,15.458498
16572,Skarbimierz,50.848124,17.436279
16582,Skarszewy,54.06907,18.44421
16592,Skaryszew,51.310609,21.252384
16602,Skarżysko-Kamienna,51.114294,20.847783
16612,Skarżysko Kościelne,51.138285,20.911876
16622,Skawina,49.975182,19.828875
16632,Skępe,52.867742,19.356164
16642,Skierbieszów,50.851267,23.358718
16652,Skierniewice,51.954717,20.15833
16662,Skoczów,49.803151,18.790762
16672,Skoki,52.67226,17.16062
16682,Skołyszyn,49.749726,21.334559
16692,Skomlin,51.171011,18.387255
16702,Skórcz,53.793715,18.524896
16712,Skoroszyce,50.596087,17.382343
16722,Skórzec,52.10727,22.130529
16732,Skrwilno,53.017242,19.621292
16742,Skrzyszów,49.948918,18.489831
16752,Skulsk,52.481738,18.331171
16762,Skwierzyna,52.599174,15.506065
16772,Słaboszów,50.386907,20.273997
16782,Sława,51.875946,16.071813
16792,Sławatycze,51.762919,23.554476
16802,Sławków,50.304598,19.38802
16812,Sławno,54.36262,16.67836
16822,Sławoborze,53.891778,15.711867
16832,Ślemień,49.717682,19.367413
16842,Ślesin,52.37035,18.30639
16852,Śliwice,53.711389,18.177222
16862,Słomniki,50.23993,20.08212
16872,Słońsk,52.56336,14.805578
16882,Słopnice,49.682719,20.341105
16892,Słubice,52.351065,14.560465
16902,Słupca,52.287267,17.872075
16912,Słupia,54.113719,22.739227
16922,Słupia (Jędrzejowska),50.603258,19.987326
16932,Słupia (Konecka),51.013458,20.141115
16942,Słupno,52.384336,21.155757
16952,Smętowo Graniczne,53.743191,18.689461
16962,Śmigiel,52.01327,16.52708
16972,Smołdzino,54.662951,17.21407
16982,Smyków,50.824774,19.469008
16992,Śniadowo,53.038207,21.990781
17002,Sobienie-Jeziory,51.932811,21.303281
17012,Sobków,50.699854,20.450684
17022,Sobolew,51.736154,21.663288
17032,Sobótka,50.89984,16.74452
17042,Sochaczew,52.229337,20.238359
17052,Sochocin,52.687307,20.47224
17062,Sokółka,53.40616,23.503024
17072,Sokolniki,55.794722,37.676389
17082,Sokołów Małopolski,50.22904,22.11964
17092,Sokołów Podlaski,52.407031,22.253361
17102,Sokoły,50.174529,12.659892
17112,Solec Kujawski,53.083253,18.225832
17122,Solec nad Wisłą,51.135479,21.763315
17132,Solec-Zdrój,50.36574,20.891219
17142,Solina,44.140002,14.881914
17152,Somianka,52.56139,21.295514
17162,Somonino,54.274672,18.198468
17172,Sompolno,52.38826,18.50286
17182,Sońsk,52.781457,20.699219
17192,Sorkwity,53.845084,21.139301
17202,Sośnicowice,50.271864,18.528628
17212,Sośnie,53.388252,17.687502
17222,Sośno,53.388252,17.687502
17232,Sosnowica,51.520961,23.091381
17242,Sosnówka,50.817707,15.723004
17252,Spiczyn,51.34103,22.753461
17262,Spytkowice,49.577153,19.833649
17272,Śrem,52.0887,17.01506
17282,Środa Śląska,51.16419,16.592583
17292,Środa Wielkopolska,52.22908,17.27607
17302,Srokowo,54.213902,21.522632
17312,Stalowa Wola,50.582601,22.053586
17322,Stanin,51.870276,22.202637
17332,Stanisławów,48.922633,24.711117
17342,Stąporków,51.13737,20.57188
17352,Stara Biała,52.610619,19.64805
17362,Stara Błotnica,51.546184,20.974662
17372,Starachowice,51.036829,21.070977
17382,Stara Dąbrowa,53.421447,15.144069
17392,Stara Kamienica,50.920703,15.579072
17402,Stara Kiszewa,53.989748,18.169343
17412,Stara Kornica,52.174184,22.943644
17422,Starcza,50.666062,19.008849
17432,Stare Babice,52.259592,20.834123
17442,Stare Bogaczowice,50.847958,16.201763
17452,Stare Czarnowo,53.278484,14.778895
17462,Stare Juchy,53.922256,22.17398
17472,Stare Kurowo,52.856659,15.677579
17482,Stare Miasto,52.247733,21.013608
17492,Stare Pole,54.054247,19.201178
17502,Stargard Szczeciński,53.336475,15.050377
17512,Starogard Gdański,53.965614,18.516274
17522,Staroźreby,52.63222,19.986408
17532,Stary Brus,51.481231,23.290832
17542,Stary Dzierzgoń,53.841351,19.404871
17552,Stary Dzików,50.247272,22.929733
17562,Stary Lubotyń,52.933119,21.931532
17572,Stary Sącz,49.564452,20.632769
17582,Stary Targ,53.923297,19.169822
17592,Stary Zamość,50.820664,23.171758
17602,Staszów,50.562997,21.165931
17612,Stawiguda,53.658727,20.396764
17622,Stawiski,53.379888,22.154605
17632,Stawiszyn,51.91776,18.111727
17642,Stegna,54.326337,19.112309
17652,Stepnica,53.651875,14.624734
17662,Sterdyń,52.576872,22.297258
17672,Stęszew,52.28375,16.70074
17682,Stężyca,51.583333,21.55
17692,Stoczek,51.518349,18.792169
17702,Stoczek Łukowski,51.961354,21.97131
17712,Stolno,53.321203,18.505503
17722,Stopnica,50.440663,20.938154
17732,Stoszowice,50.59944,16.738851
17742,Strachówka,52.4271,21.634993
17752,Strawczyn,50.941318,20.419665
17762,Stromiec,51.647143,21.092637
17772,Stronie Śląskie,50.295453,16.873954
17782,Strumień,49.916844,18.763926
17792,Stryków,51.90218,19.60551
17802,Stryszawa,49.712785,19.52116
17812,Stryszów,49.825231,19.625378
17822,Strzałkowo,52.310011,17.818333
17832,Strzegom,50.960466,16.351038
17842,Strzegowo,52.893718,20.285365
17852,Strzelce,52.314037,19.407038
17862,Strzelce Krajeńskie,52.87728,15.52966
17872,Strzelce Opolskie,50.51092,18.29987
17882,Strzelce Wielkie,51.138732,19.144974
17892,Strzeleczki,50.457939,17.853669
17902,Strzelin,50.781217,17.064612
17912,Strzelno,52.62772,18.17266
17922,Strzyżewice,51.047969,22.439688
17932,Strzyżów,49.87047,21.79386
17942,Stubno,49.898938,22.955305
17952,Studzienice,54.092453,17.577063
17962,Stupsk,53.022651,20.436115
17972,Subkowy,54.001807,18.769656
17982,Sucha Beskidzka,49.74127,19.58636
17992,Suchań,53.27993,15.32544
18002,Suchedniów,51.04762,20.82927
18012,Suchowola,53.577626,23.105803
18022,Suchożebry,52.259443,22.252973
18032,Suchy Dąb,54.207037,18.765602
18042,Suchy Las,52.475331,16.878987
18052,Sulechów,52.083165,15.625318
18062,Sulęcin,52.44387,15.11697
18072,Sulęczyno,54.233333,17.766667
18082,Sulejów,51.35412,19.88512
18092,Sulejówek,52.252424,21.269011
18102,Sulików,51.075855,15.071032
18112,Sułkowice,49.83879,19.79959
18122,Sulmierzyce,51.605927,17.530794
18132,Sułoszowa,50.26741,19.733026
18142,Sułów,51.499323,17.168887
18152,Supraśl,53.204901,23.339356
18162,Suraż,52.949011,22.956423
18172,Susiec,50.414534,23.21703
18182,Susz,53.71703,19.33541
18192,Suszec,50.029463,18.791269
18202,Suwałki,54.111522,22.930788
18212,Swarzędz,52.412537,17.085551
18222,Świątki,53.685708,16.682343
18232,Świątniki Górne,49.934245,19.953649
18242,Świdnica,50.849843,16.475679
18252,Świdnik,51.216821,22.691427
18262,Świdwin,53.77564,15.7742
18272,Świebodzice,50.857548,16.321338
18282,Świebodzin,52.247296,15.533572
18292,Świecie,53.409384,18.447386
18302,Święciechowa,51.857578,16.499426
18312,Świecie nad Osą,53.443728,19.101812
18322,Świedziebnia,53.152177,19.553475
18332,Świekatowo,53.419722,18.092222
18342,Świeradów-Zdrój,50.908722,15.343105
18352,Świercze,52.670425,20.762949
18362,Świerczów,50.259859,21.727518
18372,Świerklaniec,50.435909,18.946207
18382,Świerklany,50.021274,18.583823
18392,Świerzawa,51.014047,15.894809
18402,Świerzno,53.964667,14.965064
18412,Świeszyno,54.121417,16.168626
18422,Świętajno,53.566484,21.215495
18432,Świętochłowice,50.296433,18.91713
18442,Świlcza,50.071671,21.899923
18452,Świnice Warckie,52.040896,18.917928
18462,Świnna,49.65,19.25
18472,Świnoujście,53.910033,14.247578
18482,Syców,51.30787,17.72016
18492,Sypniewo,53.367811,17.325596
18502,Szadek,51.691572,18.976395
18512,Szaflary,49.426862,20.02642
18522,Szamocin,53.029885,17.124624
18532,Szamotuły,52.611655,16.577905
18542,Szastarka,50.856036,22.318029
18552,Szczaniec,52.269212,15.681611
18562,Szczawin Kościelny,52.371033,19.613707
18572,Szczawnica,49.423045,20.482953
18582,Szczawno-Zdrój,50.810462,16.247897
18592,Szczebrzeszyn,50.695133,22.980033
18602,Szczecinek,53.710071,16.69936
18612,Szczekociny,50.62758,19.8255
18622,Szczerców,51.330735,19.113603
18632,Szczucin,50.309498,21.074546
18642,Szczuczyn,53.563041,22.285547
18652,Szczurowa,50.118937,20.636048
18662,Szczutowo,53.56354,20.99519
18672,Szczyrk,49.715001,19.0236
18682,Szczytna,50.41339,16.44742
18692,Szczytniki,52.3,17.016667
18702,Szczytno,53.56354,20.99519
18712,Szelków,52.82227,21.207575
18722,Szemud,54.4868,18.220283
18732,Szepietowo,52.870314,22.54387
18742,Szerzyny,49.809006,21.245283
18752,Szklarska Poręba,50.827432,15.526148
18762,Szlichtyngowa,51.711965,16.242513
18772,Szprotawa,51.56696,15.53798
18782,Szreńsk,53.012371,20.120033
18792,Sztabin,53.684498,23.098319
18802,Sztum,53.920852,19.029593
18812,Sztutowo,54.326085,19.179071
18822,Szubin,53.00942,17.73989
18832,Szudziałowo,53.296741,23.652466
18842,Szulborze Wielkie,52.761727,22.224282
18852,Szumowo,52.91875,22.083962
18862,Szydłów,50.591103,21.007341
18872,Szydłowiec,51.227991,20.861147
18882,Szydłowo,53.16201,16.611808
18892,Szypliszki,54.253128,23.075478
18902,Tarczyn,51.97842,20.83374
18912,Tarłów,51.001401,21.714904
18922,Tarnawatka,50.530995,23.395691
18932,Tarnobrzeg,50.572908,21.67907
18942,Tarnogród,50.361056,22.74064
18952,Tarnowiec,49.730696,21.576683
18962,Tarnówka,53.341707,16.848755
18972,Tarnowo Podgórne,52.466667,16.666667
18982,Tarnów Opolski,50.571627,18.082261
18992,Tarnowskie Góry,50.435947,18.846025
19002,Tczew,54.091927,18.777307
19012,Tczów,51.325843,21.446588
19022,Telatyn,50.527223,23.839402
19032,Teresin,52.198468,20.416642
19042,Terespol,52.073226,23.608072
19052,Tereszpol,50.56,22.93
19062,Tłuchowo,52.746751,19.465488
19072,Tłuszcz,52.42997,21.43511
19082,Tokarnia,50.765667,20.444831
19092,Tolkmicko,54.320205,19.527304
19102,Tomaszów Lubelski,50.447024,23.41631
19112,Tomaszów Mazowiecki,51.531195,20.008647
19122,Tomice,52.320652,16.623731
19132,Topólka,52.502768,18.703693
19142,Torzym,52.31238,15.082202
19152,Toszek,50.45421,18.522454
19162,Trąbki Wielkie,54.169706,18.539904
19172,Trawniki,51.135716,22.997332
19182,Trojanów,52.475109,21.346703
19192,Troszyn,53.843848,14.716503
19202,Tryńcza,50.160646,22.55054
19212,Trzciana,53.799946,19.06292
19222,Trzcianka,53.041869,16.461676
19232,Trzcianne,53.343742,22.681586
19242,Trzciel,52.364879,15.873009
19252,Trzcinica,49.742686,21.416319
19262,Trzcińsko-Zdrój,52.96446,14.60461
19272,Trzebiatów,54.061191,15.264739
19282,Trzebiechów,52.023381,15.734865
19292,Trzebiel,51.634816,14.816352
19302,Trzebielino,54.199393,17.086517
19312,Trzebieszów,51.989651,22.554841
19322,Trzebinia,50.15847,19.4694
19332,Trzebnica,51.310421,17.063272
19342,Trzebownisko,50.077842,22.039566
19352,Trzemeszno,52.56166,17.82264
19362,Trzeszczany,50.820745,23.736931
19372,Trzyciąż,50.310042,19.766832
19382,Trzydnik Duży,50.847847,22.133394
19392,Tuchola,53.58762,17.85955
19402,Tuchomie,54.115256,17.336747
19412,Tuchów,49.89477,21.05416
19422,Tuczępy,50.516334,20.991684
19432,Tuczna,53.19462,16.155899
19442,Tuczno,53.19462,16.155899
19452,Tuliszków,52.076473,18.29555
19462,Tułowice,50.595453,17.653119
19472,Tuplice,51.675728,14.828684
19482,Turawa,50.737285,18.076195
19492,Turek,60.451813,22.26663
19502,Turobin,50.823268,22.743647
19512,Turośl,53.38778,21.727715
19522,Turośń Kościelna,53.015132,23.054905
19532,Tuszów Narodowy,50.372531,21.458389
19542,Tuszyn,51.610361,19.534931
19552,Twardogóra,51.36499,17.46841
19562,Tworóg,50.529955,18.716035
19572,Tychowo,53.92827,16.257914
19582,Tyczyn,49.963864,22.033939
19592,Tykocin,53.206267,22.774061
19602,Tymbark,49.731483,20.319604
19612,Tyrawa Wołoska,49.577344,22.369697
19622,Tyszowce,50.617072,23.699374
19632,Uchanie,50.909268,23.651102
19642,Udanin,51.037717,16.450466
19652,Ujazd,50.38881,18.347641
19662,Ujście,53.05311,16.73232
19672,Ujsoły,49.477851,19.143834
19682,Ulan-Majorat,51.810133,22.49042
19692,Ulanów,50.490232,22.263604
19702,Ułęż,51.591751,22.107375
19712,Ulhówek,50.449565,23.799159
19722,Uniejów,51.969604,18.79666
19732,Unisław,53.210278,18.386944
19742,Urszulin,51.393566,23.194638
19752,Urzędów,50.99308,22.142253
19762,Uście Gorlickie,49.521847,21.138413
19772,Uścimów,51.469525,22.954993
19782,Ustka,54.580561,16.861891
19792,Ustroń,49.719657,18.812058
19802,Ustronie Morskie,54.201984,15.749938
19812,Ustrzyki Dolne,49.430324,22.594237
19822,Wąbrzeźno,53.279963,18.947837
19832,Wąchock,51.07359,21.01244
19842,Wadowice,49.882786,19.493958
19852,Wadowice Górne,50.266667,21.283333
19862,Wądroże Wielkie,51.115337,16.330943
19872,Waganiec,52.804782,18.873258
19882,Wągrowiec,52.80848,17.19966
19892,Wałbrzych,50.784009,16.284355
19902,Walce,50.373148,18.003334
19912,Wałcz,53.273474,16.475285
19922,Walim,50.697436,16.44222
19932,Wąpielsk,53.137144,19.277938
19942,Wapno,52.910905,17.471823
19952,Warka,51.784002,21.190988
19962,Warlubie,53.587734,18.629862
19972,Warnice,53.253494,14.993891
19982,Warta,51.710323,18.625069
19992,Warta Bolesławiecka,51.231511,15.667454
20002,Wartkowice,51.975698,19.002685
20012,Wąsewo,52.873907,21.673708
20022,Wasilków,53.1986,23.20779
20032,Waśniów,50.899009,21.222315
20042,Wąsosz,51.562385,16.69165
20052,Wąwolnica,51.294469,22.147076
20062,Węgierska Górka,49.606601,19.116307
20072,Węgliniec,51.287971,15.229933
20082,Węgorzewo,54.21359,21.74163
20092,Węgorzyno,53.54091,15.55963
20102,Węgrów,52.399157,22.016427
20112,Wejherowo,54.600322,18.233049
20122,Werbkowice,50.753529,23.763773
20132,Wiązów,50.813798,17.202343
20142,Wiązowna,52.17031,21.29152
20152,Wiązownica,50.078048,22.70699
20162,Wicko,54.670259,17.616848
20172,Widawa,51.437886,18.941512
20182,Widuchowa,53.126879,14.390618
20192,Więcbork,53.353675,17.490565
20202,Wieczfnia Kościelna,53.194488,20.474483
20212,Wielbark,53.398308,20.946111
20222,Wieleń,52.894393,16.171301
20232,Wielgie,51.241532,21.496074
20242,Wielgomłyny,51.01308,19.76258
20252,Wielichowo,52.115564,16.351494
20262,Wieliczka,49.987062,20.064797
20272,Wieliczki,53.984685,22.561476
20282,Wieliszew,52.450973,20.969068
20292,Wielka Nieszawka,52.996164,18.509675
20302,Wielka Wieś,50.156719,19.843366
20312,Wielkie Oczy,50.02352,23.164043
20322,Wielopole Skrzyńskie,49.946104,21.614995
20332,Wielowieś,50.509641,18.616198
20342,Wieluń,51.2186,18.56892
20352,Wieniawa,51.36138,20.794971
20362,Wieprz,49.890701,19.356882
20372,Wieruszów,51.29486,18.15475
20382,Wierzbica,51.249084,21.081987
20392,Wierzbinek,52.439692,18.512925
20402,Wierzbno,52.194444,21.014444
20412,Wierzchlas,51.204054,18.664628
20422,Wierzchosławice,50.020026,20.853349
20432,Wierzchowo,53.461598,16.101918
20442,Wietrzychowice,52.412757,18.85998
20452,Wijewo,51.918228,16.185589
20462,Wilamowice,49.916629,19.152088
20472,Wilczęta,54.168564,19.883101
20482,Wilczyce,51.129964,17.15074
20492,Wilczyn,52.488124,18.161135
20502,Wilga,51.851657,21.377535
20512,Wilkołaz,51.01,22.33
20522,Wilków,55.039772,23.583172
20532,Wilkowice,49.75,19.1
20542,Winnica,49.233083,28.468217
20552,Wińsko,51.470068,16.614203
20562,Wiskitki,52.083333,20.4
20572,Wisła,49.647322,18.867739
20582,Wiślica,50.348306,20.674163
20592,Wiśniew,52.0725,22.294029
20602,Wiśniewo,53.065155,20.348238
20612,Wiśniowa,49.787488,20.114991
20622,Wisznia Mała,51.246859,17.044026
20632,Wisznice,51.788892,23.208381
20642,Witkowo,52.43843,17.77321
20652,Witnica,52.673063,14.89765
20662,Witonia,52.146227,19.299538
20672,Wiżajny,54.363259,22.868684
20682,Wizna,53.194425,22.382145
20692,Władysławów,52.102586,18.476126
20702,Władysławowo,54.79074,18.403
20712,Wleń,51.017606,15.677587
20722,Włodawa,51.55178,23.55434
20732,Włodowice,50.55573,19.451489
20742,Włoszakowice,51.927247,16.361989
20752,Włoszczowa,50.85237,19.96772
20762,Wodynie,52.040325,21.955361
20772,Wodzierady,51.718833,19.149076
20782,Wodzisław,50.003137,18.47191
20792,Wodzisław Śląski,50.003137,18.47191
20802,Wohyń,51.756746,22.781747
20812,Wojaszówka,49.777263,21.671116
20822,Wojciechów,51.235627,22.244933
20832,Wojciechowice,50.841189,21.590069
20842,Wojcieszków,51.768395,22.315677
20852,Wojcieszów,50.95167,15.92209
20862,Wojkowice,50.364768,19.036791
20872,Wojnicz,49.957984,20.837842
20882,Wojsławice,50.919011,23.546274
20892,Wola Krzysztoporska,51.344131,19.581795
20902,Wola Mysłowska,51.843362,21.936115
20912,Wolanów,51.37975,20.977687
20922,Wola Uhruska,51.321715,23.626156
20932,Wolbórz,51.501732,19.830526
20942,Wolbrom,50.37939,19.7584
20952,Wołczyn,51.018496,18.05157
20962,Wolin,53.841932,14.614398
20972,Wólka,51.264463,22.638423
20982,Wołomin,52.339116,21.242318
20992,Wołów,51.336428,16.644116
21002,Wolsztyn,52.115044,16.116985
21012,Woźniki,50.58846,19.06019
21022,Wręczyca Wielka,50.845863,18.920739
21032,Wróblew,51.612047,18.615044
21042,Wronki,52.71034,16.380395
21052,Września,52.32382,17.56654
21062,Wschowa,51.807108,16.316477
21072,Wydminy,53.981826,22.032513
21082,Wymiarki,51.510002,15.082015
21092,Wyry,50.135905,18.893998
21102,Wyryki,51.564733,23.341361
21112,Wyrzysk,53.15244,17.26802
21122,Wyśmierzyce,51.624866,20.813976
21132,Wysoka,53.180879,17.083557
21142,Wysokie,50.910792,22.666273
21152,Wysokie Mazowieckie,52.9148,22.51003
21162,Wyszki,52.841329,22.978043
21172,Wyszków,52.592852,21.458395
21182,Wyszogród,52.391799,20.190037
21192,Żabia Wola,52.031711,20.690934
21202,Zabierzów,50.385721,17.97825
21212,Ząbki,52.287068,21.10796
21222,Ząbkowice Śląskie,50.589362,16.813242
21232,Zabłudów,53.014092,23.338329
21242,Żabno,50.13334,20.88617
21252,Zabór,51.951916,15.716774
21262,Zabrodzie,53.522535,14.849366
21272,Zadzim,51.77588,18.849709
21282,Żagań,51.617845,15.324833
21292,Zagnańsk,50.980278,20.664444
21302,Zagórów,52.168297,17.895563
21312,Zagórz,49.5143,22.26707
21322,Zagrodno,51.19085,15.86527
21332,Zakliczyn,49.855795,20.809338
21342,Zaklików,50.757777,22.102174
21352,Zakopane,49.299181,19.949562
21362,Zakroczym,52.437989,20.611981
21372,Zakrzew,51.44097,21.000596
21382,Zakrzewo,52.603709,17.387537
21392,Zakrzówek,50.95123,22.380232
21402,Zalesie,50.079444,19.608333
21412,Zaleszany,50.649631,21.89522
21422,Zalewo,53.845895,19.603445
21432,Załuski,52.511144,20.528792
21442,Zambrów,52.984994,22.241386
21452,Zamość,50.723088,23.251969
21462,Zaniemyśl,52.156727,17.160287
21472,Zapolice,51.542777,18.882064
21482,Zaręby Kościelne,52.756976,22.123729
21492,Żarki,50.62508,19.36332
21502,Żarnów,51.247659,20.171834
21512,Żarnowiec,50.478547,19.86271
21522,Żarów,50.94076,16.49474
21532,Zarszyn,49.585044,22.01217
21542,Żary,51.642012,15.136999
21552,Zarzecze,49.719248,19.175339
21562,Zator,49.99621,19.43747
21572,Zatory,49.99621,19.43747
21582,Zawady,51.023294,18.919494
21592,Zawadzkie,50.60435,18.48514
21602,Zawichost,50.80757,21.852883
21612,Zawidów,51.02545,15.06215
21622,Zawidz,52.822998,19.861602
21632,Zawiercie,50.487743,19.416626
21642,Zawoja,49.668086,19.582119
21652,Zawonia,51.315673,17.199173
21662,Zbąszyń,52.25053,15.92527
21672,Zbąszynek,52.24253,15.81632
21682,Zbiczno,53.33395,19.374579
21692,Zblewo,53.934722,18.329444
21702,Zbójna,53.008633,19.157904
21712,Zbójno,53.008633,19.157904
21722,Zbrosławice,50.416667,18.75
21732,Zbuczyn,52.089339,22.438503
21742,Zduńska Wola,51.599033,18.939325
21752,Zduny,51.64683,17.37824
21762,Zdzieszowice,50.42422,18.12477
21772,Zębowice,50.760952,18.339356
21782,Zebrzydowice,49.877735,18.611105
21792,Żegocina,49.813322,20.419753
21802,Żelazków,51.853955,18.173209
21812,Żelechlinek,51.711267,20.034471
21822,Żelechów,51.81054,21.89725
21832,Zelów,51.46434,19.21982
21842,Zembrzyce,49.775181,19.601224
21852,Żerków,52.068517,17.562915
21862,Zgierz,51.855058,19.40607
21872,Zgorzelec,51.149636,15.006565
21882,Ziębice,50.5983,17.03888
21892,Zielonka,52.30344,21.160724
21902,Zielonki,52.30344,21.160724
21912,Zławieś Wielka,53.094962,18.32918
21922,Złocieniec,53.5326,16.01056
21932,Złoczew,51.417196,18.603559
21942,Złota,49.879947,20.693745
21952,Złotniki Kujawskie,52.899452,18.145174
21962,Złotoryja,51.125932,15.921385
21972,Złotów,53.36381,17.04046
21982,Złoty Stok,50.44459,16.87578
21992,Żmigród,51.46654,16.90582
22002,Żmudź,51.018014,23.675655
22012,Żnin,52.849385,17.719477
22022,Żółkiewka,50.909807,22.834666
22032,Żołynia,50.163322,22.309578
22042,Żórawina,50.981109,17.035795
22052,Żory,50.044724,18.70064
22062,Żukowice,51.672421,15.983352
22072,Żukowo,54.342006,18.365038
22082,Żurawica,49.82343,22.788896
22092,Żuromin,53.066078,19.908905
22102,Zwierzyn,50.61404,22.97512
22112,Zwierzyniec,50.61404,22.97512
22122,Zwoleń,51.355379,21.587725
22132,Żychlin,52.24396,19.62596
22142,Żyraków,50.084659,21.394781
22152,Żyrardów,52.048652,20.445988
22162,Żyrzyn,51.498789,22.090813
22172,Żytno,50.926891,19.627764
22182,Żywiec,49.6913,19.182398
